Escola_Alocada,Nome_Candidato,Distancia
ESCOLA MUNICIPAL VIVA,Jade Rezende,14.493616730329284
ESCOLA MUNICIPAL CHRISANTO HENRIQUE DE SOUZA,Melissa Cavalcanti,16.43760005110231
COLEGIO ESTADUAL FLAVIO RIBEIRO DE REZENDE,Antônio Martins,56.61541701275309
COLEGIO ESTADUAL FLAVIO RIBEIRO DE REZENDE,Erick Martins,56.61541701275309
ESCOLA MUNICIPAL VIVA,Emanuella Mendes,0.0
ESCOLA MUNICIPAL CARLOS MAGNO FABRI MARTINS,Ravy da Cruz,93.7532589709687
ESCOLA MUNICIPAL CHRISANTO HENRIQUE DE SOUZA,Allana Novaes,27.528909780510446
ESCOLA MUNICIPAL CARLOS MAGNO FABRI MARTINS,Nathan Rocha,95.22053025001375
ESCOLA MUNICIPAL ORLINDA VEIGA,Alexandre Montenegro,103.87837779500997
ESCOLA MUNICIPAL CARLOS MAGNO FABRI MARTINS,Olívia Pastor,92.70305631876086
COLEGIO ESTADUAL GERAQUE COLLET,Stella Nunes,52.26279907874669
ESCOLA MUNICIPAL CARLOS MAGNO FABRI MARTINS,Sarah Mendes,94.68664589007788
ESCOLA MUNICIPAL CARLOS MAGNO FABRI MARTINS,Bernardo Castro,94.68664589007788
ESCOLA MUNICIPAL CARLOS MAGNO FABRI MARTINS,Isis Lopes,93.7809401412157
ESCOLA MUNICIPAL CARLOS MAGNO FABRI MARTINS,Enzo Campos,93.7809401412157
ESCOLA MUNICIPAL CARLOS MAGNO FABRI MARTINS,Raquel Lopes,95.01935603678342
COLEGIO ESTADUAL FLAVIO RIBEIRO DE REZENDE,Kevin Silva,94.74614597308977
ESCOLA MUNICIPAL ORLINDA VEIGA,Luiz Fernando Fernandes,105.85220080609096
COLEGIO ESTADUAL GERAQUE COLLET,Apollo Aparecida,57.62638827847443
COLEGIO ESTADUAL FLAVIO RIBEIRO DE REZENDE,Heitor da Mota,96.152710833023
COLEGIO ESTADUAL GERAQUE COLLET,Carolina Cirino,57.52798660847274
COLEGIO ESTADUAL GERAQUE COLLET,Lucas Gabriel Fonseca,57.52798660847274
COLEGIO ESTADUAL GERAQUE COLLET,Mariana Sampaio,59.23447475147428
COLEGIO ESTADUAL GERAQUE COLLET,Paulo Aparecida,60.31466587632885
COLEGIO ESTADUAL GERAQUE COLLET,Enrico Pacheco,60.101907939648484
COLEGIO ESTADUAL FLAVIO RIBEIRO DE REZENDE,Isadora Cavalcanti,96.6902709832924
COLEGIO ESTADUAL FLAVIO RIBEIRO DE REZENDE,Maya Cunha,96.6902709832924
COLEGIO ESTADUAL GERAQUE COLLET,Ravi Pires,60.81213364689243
COLÉGIO ESTADUAL BARAO DE MACAUBAS,Luiz Felipe Fonseca,49.13750364879774
ESCOLA MUNICIPAL ORLINDA VEIGA,Davi Lucas Mendes,107.85269722684853
ESCOLA MUNICIPAL ORLINDA VEIGA,Oliver Correia,107.71030774795295
COLÉGIO ESTADUAL BARAO DE MACAUBAS,Emanuella Novais,49.5614612877349
COLÉGIO ESTADUAL BARAO DE MACAUBAS,Luiz Gustavo da Luz,49.5614612877349
COLÉGIO ESTADUAL BARAO DE MACAUBAS,Cecília Ribeiro,48.697060912619946
ESCOLA MUNICIPAL ORLINDA VEIGA,Brayan Camargo,107.81293942394358
ESCOLA MUNICIPAL ORLINDA VEIGA,Pietro Fonseca,107.81293942394358
ESCOLA MUNICIPAL VIVA,Laura da Rosa,104.66187012113848
COLEGIO ESTADUAL FLAVIO RIBEIRO DE REZENDE,Ana Julia Rocha,97.88096100529931
ESCOLA MUNICIPAL ORLINDA VEIGA,Ana Beatriz Nogueira,108.20281597135144
COLÉGIO ESTADUAL BARAO DE MACAUBAS,Melina Brito,49.3993544126935
COLÉGIO ESTADUAL BARAO DE MACAUBAS,Gabrielly Ramos,49.979950444803926
COLÉGIO ESTADUAL BARAO DE MACAUBAS,Stella Nunes,49.96968417212461
COLEGIO ESTADUAL FLAVIO RIBEIRO DE REZENDE,Hellena Jesus,98.34061138854047
COLÉGIO ESTADUAL BARAO DE MACAUBAS,Davi Pereira,50.33435897403538
ESCOLA MUNICIPAL ORLINDA VEIGA,Melissa Ribeiro,108.60290261520647
ESCOLA MUNICIPAL CHRISANTO HENRIQUE DE SOUZA,José Pedro Aragão,28.476213393800343
ESCOLA MUNICIPAL VIVA,João Pedro da Cunha,103.11591427073466
ESCOLA MUNICIPAL VIVA,Noah Porto,106.40564494702052
ESCOLA MUNICIPAL VIVA,Ravy Viana,106.40564494702052
ESCOLA MUNICIPAL VIVA,Isis Câmara,106.649051563265
ESCOLA MUNICIPAL VIVA,Liz Marques,105.82944875413313
COLÉGIO MUNICIPAL PROFESSOR DAVI COELHO DOS SANTOS,Nicole Peixoto,110.60732718864051
COLÉGIO MUNICIPAL PROFESSOR DAVI COELHO DOS SANTOS,Ísis Azevedo,107.39698982292401
COLÉGIO MUNICIPAL PROFESSOR DAVI COELHO DOS SANTOS,Nina Camargo,110.7565607373977
COLÉGIO MUNICIPAL PROFESSOR DAVI COELHO DOS SANTOS,Sophie Barros,109.23549627473484
COLÉGIO MUNICIPAL PROFESSOR DAVI COELHO DOS SANTOS,Ayla Nunes,109.23549627473484
COLÉGIO MUNICIPAL PROFESSOR DAVI COELHO DOS SANTOS,Lavínia Pacheco,108.35408301074052
ESCOLA MUNICIPAL PAU BRASIL,Joaquim Gonçalves,69.73791903366835
ESCOLA MUNICIPAL PAU BRASIL,Benício Cunha,69.73791903366835
ESCOLA MUNICIPAL PAU BRASIL,André da Mota,69.73791903366835
ESCOLA MUNICIPAL PAU BRASIL,Igor Nunes,69.87984309988691
ESCOLA MUNICIPAL CHRISANTO HENRIQUE DE SOUZA,Anthony Vasconcelos,26.88721080120899
ESCOLA MUNICIPAL CHRISANTO HENRIQUE DE SOUZA,Luiz Miguel Garcia,26.88721080120899
ESCOLA MUNICIPAL PAU BRASIL,Lucca Teixeira,70.4944569968654
ESCOLA MUNICIPAL PAU BRASIL,Caleb da Paz,70.55813805764805
ESCOLA MUNICIPAL PAU BRASIL,Isabela Viana,70.34539900813589
ESCOLA MUNICIPAL CHRISANTO HENRIQUE DE SOUZA,Lavínia Vieira,28.29112841557585
ESCOLA MUNICIPAL CHRISANTO HENRIQUE DE SOUZA,Maria Vargas,29.238995509364862
ESCOLA MUNICIPAL CHRISANTO HENRIQUE DE SOUZA,João Guilherme Duarte,29.904119745741472
COLÉGIO MUNICIPAL PROFESSOR DAVI COELHO DOS SANTOS,Samuel Casa Grande,0.0
ESCOLA MUNICIPAL PAU BRASIL,Heitor Cassiano,64.83505025365199
COLEGIO ESTADUAL CONDESSA DO RIO NOVO,Maria Alice da Rosa,0.6656797496842664
ESCOLA MUNICIPAL NOSSA SENHORA DE MONT SERRAT,Isis Pacheco,48.72726972526544
COLÉGIO ESTADUAL ETELVINA SCHOTTZ,Emanuel das Neves,2.852294052463663
COLÉGIO ESTADUAL ETELVINA SCHOTTZ,Maria Laura Camargo,5.289749140814189
COLÉGIO CENECISTA SANTA MÔNICA,Alana Almeida,54.708871170818604
COLÉGIO NOSSA SENHORA DAS DORES,Calebe Pacheco,0.7379309950395725
COLÉGIO NOSSA SENHORA DAS DORES,Emilly Cavalcanti,0.1065160729876023
COLÉGIO NOSSA SENHORA DAS DORES,Carolina Dias,0.0
COLÉGIO NOSSA SENHORA DAS DORES,Aylla Fernandes,0.0
COLÉGIO NOSSA SENHORA DAS DORES,Carlos Eduardo Novaes,0.0
COLÉGIO NOSSA SENHORA DAS DORES,Benjamin Andrade,0.2429814019085706
COLÉGIO NOSSA SENHORA DAS DORES,Lorenzo Novaes,1.0849075967277537
COLÉGIO NOSSA SENHORA DAS DORES,Marcos Vinicius da Rocha,0.3324722647176517
COLEGIO ESTADUAL CONDESSA DO RIO NOVO,Ravi Lucca Martins,17.837964284120144
COLÉGIO ESTADUAL DOUTOR GALDINO DO VALLE FILHO,Isabelly Pinto,0.0
ESCOLA ESTADUAL CÉSAR MONTEIRO,Levi Cirino,14.611101128777884
COLÉGIO ESTADUAL DOUTOR GALDINO DO VALLE FILHO,Nathan Souza,0.2364722622861103
ESCOLA ESTADUAL CÉSAR MONTEIRO,Davi Barbosa,16.6209795112822
ESCOLA ESTADUAL CÉSAR MONTEIRO,Mathias Rezende,19.55158765792354
COLEGIO ESTADUAL CONDESSA DO RIO NOVO,Luna Novais,18.36191045229665
ESCOLA ESTADUAL MARIA MENDONÇA,Dante Fernandes,42.41152964455901
ESCOLA ESTADUAL MARIA MENDONÇA,Maria Eduarda Costela,43.17144781208365
ESCOLA ESTADUAL MARIA MENDONÇA,Stella Pimenta,38.92894192026084
ESCOLA ESTADUAL MARIA MENDONÇA,Marina Mendonça,39.6237369105233
ESCOLA ESTADUAL MARIA MENDONÇA,Kamilly Vargas,41.910425736975284
ESCOLA ESTADUAL MARIA MENDONÇA,Rafaela Nogueira,42.433988827836224
ESCOLA ESTADUAL MARIA MENDONÇA,Renan da Paz,42.734106681445475
ESCOLA ESTADUAL MARIA MENDONÇA,Mathias Moura,42.837501190175345
COLÉGIO CENECISTA SANTA MÔNICA,Raul Moraes,72.03032609813675
COLÉGIO CENECISTA SANTA MÔNICA,Carolina da Cruz,72.18283858486342
COLÉGIO MUNICIPAL PROFESSOR DAVI COELHO DOS SANTOS,Davi Luiz das Neves,64.90877254405156
COLÉGIO CENECISTA SANTA MÔNICA,Isaque Pires,73.27260916281409
ESCOLA MUNICIPAL PASTOR LUIZ LAURENTINO,Benjamim Gomes,33.70596081561257
ESCOLA MUNICIPAL PASTOR LUIZ LAURENTINO,Luiz Otávio Farias,34.66119588418427
ESCOLA MUNICIPAL PASTOR LUIZ LAURENTINO,Luana Silveira,35.006620729503034
ESCOLA MUNICIPAL PASTOR LUIZ LAURENTINO,Henrique Costela,35.006620729503034
COLÉGIO CENECISTA SANTA MÔNICA,Ester das Neves,72.97621839181367
ESCOLA MUNICIPAL PASTOR LUIZ LAURENTINO,Théo Cirino,36.760847417131195
ESCOLA MUNICIPAL PASTOR LUIZ LAURENTINO,Kaique da Rosa,31.77409514110611
COLÉGIO CENECISTA SANTA MÔNICA,Luiz Henrique Fogaça,78.52633270596527
COLEGIO ESTADUAL CONDESSA DO RIO NOVO,Matteo Melo,27.470549926280135
COLÉGIO CENECISTA SANTA MÔNICA,Isis Costela,79.19471967491123
COLÉGIO CENECISTA SANTA MÔNICA,Gael Santos,79.19471967491123
ESCOLA MUNICIPAL SENADOR MARIO MARTINS,Ryan Peixoto,5.935638360224924
ESCOLA MUNICIPAL SENADOR MARIO MARTINS,Ágatha Moraes,5.935638360224924
ESCOLA MUNICIPAL SENADOR MARIO MARTINS,Ana Clara da Costa,5.745787239232906
ESCOLA MUNICIPAL SENADOR MARIO MARTINS,Melissa da Cunha,5.745787239232906
ESCOLA MUNICIPAL SENADOR MARIO MARTINS,Allana Pires,5.745787239232906
ESCOLA MUNICIPAL SENADOR MARIO MARTINS,Vitor Gabriel Martins,5.568407138311241
ESCOLA MUNICIPAL CILENCINA RUBEM DE OLIVEIRA MELO,Ester Gonçalves,69.23324673893715
ESCOLA MUNICIPAL CORONEL EDMUNDO DE MACEDO SOARES E SILVA,Vinicius Sousa,0.0
ANDRADE COSTA - ESCOLA MUNICIPAL SAGRADA FAMILIA DE NAZARETH,Maitê Marques,18.089562177078893
ESCOLA MUNICIPAL CILENCINA RUBEM DE OLIVEIRA MELO,Maria Luiza Sales,68.55226516006665
ESCOLA MUNICIPAL CILENCINA RUBEM DE OLIVEIRA MELO,Julia Moreira,68.88321481080682
ESCOLA MUNICIPAL MARIA CAMPOS,Ravi Lucca Novaes,2.7984506560120055
ESCOLA MUNICIPAL CILENCINA RUBEM DE OLIVEIRA MELO,Ana Clara Sales,64.48225666713648
ANDRADE COSTA - ESCOLA MUNICIPAL SAGRADA FAMILIA DE NAZARETH,Isabelly Sá,49.28104221447663
COLÉGIO CENECISTA MARECHAL RONDON,Júlia da Rosa,11.83745720174253
ESCOLA SAO FRANCISCO DE ASSIS,Mariane Castro,0.0
ESCOLA MUNICIPAL NOSSA SENHORA DE MONT SERRAT,Isis Novaes,102.52307390999647
ANDRADE COSTA - ESCOLA MUNICIPAL SAGRADA FAMILIA DE NAZARETH,Igor Moreira,52.83243053248123
ANDRADE COSTA - ESCOLA MUNICIPAL SAGRADA FAMILIA DE NAZARETH,Rhavi Moraes,52.83243053248123
ESCOLA MUNICIPAL NOSSA SENHORA DE MONT SERRAT,Ravi Sampaio,102.3064659938919
ANDRADE COSTA - ESCOLA MUNICIPAL SAGRADA FAMILIA DE NAZARETH,Bruno Macedo,49.107709909523656
ESCOLA ESTADUAL MONTEBELLO BONDIM,Otávio Pires,41.04011483381201
ANDRADE COSTA - ESCOLA MUNICIPAL SAGRADA FAMILIA DE NAZARETH,Lucca Peixoto,47.23966662930897
ANDRADE COSTA - ESCOLA MUNICIPAL SAGRADA FAMILIA DE NAZARETH,Luiz Otávio Dias,47.23966662930897
ANDRADE COSTA - ESCOLA MUNICIPAL SAGRADA FAMILIA DE NAZARETH,Renan Castro,52.04724167153252
ESCOLA ESTADUAL MONTEBELLO BONDIM,Davi Lucca da Mata,40.84576338575794
ESCOLA ESTADUAL MONTEBELLO BONDIM,Enzo Rios,40.52187360477891
ESCOLA ESTADUAL MONTEBELLO BONDIM,Maria Flor Andrade,40.52187360477891
ESCOLA MUNICIPAL MARIA CAMPOS,Emanuel da Mata,1.4127943596099029
ESCOLA GERMANO VALENTE,João Vitor Rios,1.6866381749381705
COLÉGIO CENECISTA MARECHAL RONDON,Luana Silveira,41.4872796282152
ESCOLA MUNICIPAL MARIA CAMPOS,Davi Miguel Ramos,0.2919866391910703
ESCOLA GERMANO VALENTE,Guilherme Melo,1.2432282826738235
ESCOLA MUNICIPAL SALVADOR KLING,Valentina Cavalcante,0.9869087472238204
ESCOLA MUNICIPAL SALVADOR KLING,Lorena Monteiro,0.9869087472238204
ESCOLA MUNICIPAL SALVADOR KLING,Lorenzo Correia,0.6773566763884475
COLÉGIO CENECISTA MARECHAL RONDON,Beatriz da Paz,41.13078109668628
ESCOLA GERMANO VALENTE,Gustavo Pastor,2.4418316175076016
ESCOLA MUNICIPAL MARIA CAMPOS,Melina Teixeira,0.9460612199582324
ESCOLA MUNICIPAL SALVADOR KLING,Marcela Porto,1.0100378919450004
ESCOLA GERMANO VALENTE,Vitor Gabriel Fonseca,1.5491910938758835
ESCOLA MUNICIPAL MARIA CAMPOS,Yasmin Lima,0.8347700611851577
ESCOLA ESTADUAL MANOEL TEIXEIRA CAMPOS JUNIOR,Ravi Lucca da Cunha,10.581779032467738
ESCOLA GERMANO VALENTE,Mariana Costa,1.3559480404188566
COLÉGIO CENECISTA MARECHAL RONDON,João Vitor Moura,40.44614660158575
COLÉGIO CENECISTA MARECHAL RONDON,Luiz Felipe da Paz,40.44614660158575
ESCOLA SAO FRANCISCO DE ASSIS,João Vitor Abreu,1.8696491582713135
ESCOLA ESTADUAL MANOEL TEIXEIRA CAMPOS JUNIOR,Allana Oliveira,9.17763934810563
ESCOLA ESTADUAL MANOEL TEIXEIRA CAMPOS JUNIOR,Isabelly Azevedo,9.111880580436004
ESCOLA ESTADUAL MANOEL TEIXEIRA CAMPOS JUNIOR,Kamilly Abreu,10.125644324977728
ESCOLA ESTADUAL MANOEL TEIXEIRA CAMPOS JUNIOR,Brenda Moraes,10.459357652673454
ESCOLA ESTADUAL MANOEL TEIXEIRA CAMPOS JUNIOR,Marcelo Teixeira,10.441610293233046
ESCOLA ESTADUAL MANOEL TEIXEIRA CAMPOS JUNIOR,Leandro Abreu,10.38530228547361
ESCOLA MUNICIPALIZADA VILA NOVA ESPERANÇA,Emanuelly Aragão,26.68782520638594
ESCOLA GERMANO VALENTE,Dom da Cunha,0.10877079186674207
ESCOLA ESTADUAL MANOEL TEIXEIRA CAMPOS JUNIOR,Luana Vargas,9.675662369844837
ESCOLA ESTADUAL OTÁVIO TEIXEIRA,Ester Pimenta,10.051634590340429
ESCOLA MUNICIPALIZADA VILA NOVA ESPERANÇA,Alexia da Mota,25.268372778969532
ESCOLA MUNICIPALIZADA VILA NOVA ESPERANÇA,Larissa Martins,25.268372778969532
ESCOLA MUNICIPALIZADA VILA NOVA ESPERANÇA,Mateus Campos,25.176276820373104
ESCOLA MUNICIPALIZADA VILA NOVA ESPERANÇA,Caleb Cassiano,25.176276820373104
ESCOLA ESTADUAL OTÁVIO TEIXEIRA,Ravi Lucca Azevedo,10.198022806886929
ESCOLA MUNICIPALIZADA VILA NOVA ESPERANÇA,Ana Cecília da Mata,25.217897796509725
ESCOLA MUNICIPALIZADA VILA NOVA ESPERANÇA,Natália Duarte,25.217897796509725
ESCOLA MUNICIPALIZADA VILA NOVA ESPERANÇA,Clara Pimenta,25.270687566696658
ESCOLA GERMANO VALENTE,Rafaela Araújo,1.9979369858323535
ESCOLA ESTADUAL OTÁVIO TEIXEIRA,Eloá Vieira,10.386462542457473
ESCOLA ESTADUAL OTÁVIO TEIXEIRA,Luiz Henrique da Paz,10.386462542457473
ESCOLA ESTADUAL OTÁVIO TEIXEIRA,Isabella Montenegro,10.452435613181107
ESCOLA ESTADUAL OTÁVIO TEIXEIRA,Olivia da Costa,10.483540648366999
ESCOLA SAO CRISTOVAO,João Lucas da Paz,1.2059819205979143
ESCOLA SAO CRISTOVAO,Cauê da Rosa,0.9042685207407418
ESCOLA ESTADUAL OTÁVIO TEIXEIRA,Anthony Andrade,10.308214942665602
ESCOLA SAO CRISTOVAO,Benício Porto,0.8767083582014148
ESCOLA SAO CRISTOVAO,Melissa Cavalcante,0.4697644551094502
ESCOLA SAO CRISTOVAO,Lorenzo Nunes,0.06873611875200375
ESCOLA MUNICIPAL MARIA CAMPOS,Apollo Rios,1.6460275469121524
ESCOLA ESTADUAL MONTEBELLO BONDIM,Luísa Fernandes,39.722848105153275
ESCOLA GERMANO VALENTE,Valentim Almeida,1.0106108418260475
ESCOLA MUNICIPAL PREFEITO JAMIL SABRA,Davi Miguel Freitas,0.0
ESCOLA ESTADUAL MONTEBELLO BONDIM,Bárbara Melo,39.98688572124603
ESCOLA DAS COMUNIDADES SANTO ANTONIO,Luísa Castro,0.0
ESCOLA DAS COMUNIDADES SANTO ANTONIO,Sofia Rios,0.10486423407477757
ESCOLA DAS COMUNIDADES SANTO ANTONIO,Ana Laura Moraes,0.10486423407477757
ESCOLA DAS COMUNIDADES SANTO ANTONIO,Arthur Almeida,0.10486423407477757
COLEGIO ESTADUAL RUY BARBOSA,Theo Cunha,0.0
ESCOLA PAROQUIAL BOM JESUS,Ágatha Pacheco,0.0
COLEGIO ESTADUAL RUY BARBOSA,Lucas Martins,0.15344123280880542
ESCOLA DAS COMUNIDADES SANTO ANTONIO,Manuela Freitas,0.24962556455673696
ESCOLA PAROQUIAL BOM JESUS,Mariana Novaes,1.4427411277259965
COLÉGIO ESTADUAL PRINCESA ISABEL,Davi Lucas da Mota,0.37520278047553257
ESCOLA MUNICIPAL ROBERT KENNEDY,Ian Cavalcante,1.3735907966473369
ESCOLA MUNICIPAL CORONEL MOREIRA DA SILVA,Dante Moura,39.27554505379672
ESCOLA MUNICIPAL CORONEL MOREIRA DA SILVA,Maria Júlia Brito,39.33020183160165
COLÉGIO ESTADUAL PRINCESA ISABEL,Brayan Souza,2.132388247528547
ESCOLA ESTADUAL OTÁVIO TEIXEIRA,Otto Teixeira,5.215863192723584
ESCOLA MUNICIPALIZADA PROFESSORA SARAH FARIA BRAZ,Isaac Novais,34.01258690862125
ESCOLA ESTADUAL MONTEBELLO BONDIM,Lunna Pinto,31.644088418981582
ESCOLA MUNICIPAL SENADOR MARIO MARTINS,Mathias Fonseca,8.49651863862491
ESCOLA ESTADUAL MONTEBELLO BONDIM,Davi Miguel Fogaça,30.873045725462276
ESCOLA MUNICIPAL GERALDO VENTURA DIAS,Isadora Martins,7.41163200432451
COLÉGIO ESTADUAL ETELVINA SCHOTTZ,Isabelly Aparecida,70.218991964382
COLEGIO ESTADUAL CONDESSA DO RIO NOVO,Joana Nascimento,56.22090394988917
COLEGIO ESTADUAL CONDESSA DO RIO NOVO,Francisco Cavalcanti,55.83406482200033
COLEGIO ESTADUAL CONDESSA DO RIO NOVO,Lucca Correia,55.83365483979956
ESCOLA MUNICIPALIZADA PROFESSORA SARAH FARIA BRAZ,Yuri da Paz,46.743449544747705
ESCOLA SAO CRISTOVAO,Stella Casa Grande,17.31784106568185
COLÉGIO ESTADUAL PRINCESA ISABEL,Anthony Gabriel Ramos,21.80165486675593
ESCOLA MUNICIPAL DR. RUBENS DE CASTRO BOMTEMPO,Henry Gabriel Correia,16.156777487345277
ESCOLA MUNICIPAL NOSSA SENHORA DE MONT SERRAT,Raquel Fonseca,70.71770877735342
ESCOLA MUNICIPAL CORONEL EDMUNDO DE MACEDO SOARES E SILVA,Lucas Gabriel Macedo,21.84353649012667
ESCOLA MUNICIPAL ROBERT KENNEDY,Lara Rocha,20.946017005239845
ESCOLA MUNICIPAL CORONEL EDMUNDO DE MACEDO SOARES E SILVA,Ana Carvalho,22.412997324875413
ESCOLA SAO FRANCISCO DE ASSIS,Isabelly da Luz,30.011884138530956
COLÉGIO CENECISTA MARECHAL RONDON,Maria Sophia Novaes,15.446285908722412
COLEGIO ESTADUAL CORONEL ANTONIO PEÇANHA,Yuri Castro,65.14226174756786
COLEGIO ESTADUAL CORONEL ANTONIO PEÇANHA,Henry Pimenta,65.76990621652163
COLEGIO ESTADUAL CORONEL ANTONIO PEÇANHA,Maria Cecília Lima,65.79289610409775
ESCOLA ESTADUAL ANTONIO LOPES DE CAMPOS FILHO,Hadassa da Rocha,0.0
ESCOLA SAO FRANCISCO DE ASSIS,Murilo Novais,33.52731665377903
ESCOLA SAO FRANCISCO DE ASSIS,Caleb Silva,33.674104363168276
ESCOLA MUNICIPAL LIDDY MIGNONE,Thales Duarte,33.17629925085005
ESCOLA MUNICIPAL RIO DAS PEDRAS,Laura Casa Grande,14.714118754566453
ESCOLA MUNICIPAL LIDDY MIGNONE,Vinicius Rodrigues,34.90940706236581
ESCOLA SAO FRANCISCO DE ASSIS,Maria Clara Oliveira,34.054974280104744
ESCOLA MUNICIPAL LIDDY MIGNONE,Lucas Gabriel Nogueira,35.41057665425923
COLÉGIO CENECISTA MARECHAL RONDON,Leandro da Conceição,18.03666869357029
COLÉGIO CENECISTA MARECHAL RONDON,Breno Monteiro,18.03666869357029
ESCOLA MUNICIPAL LIDDY MIGNONE,Luiz Gustavo Aragão,35.47556437749226
COLÉGIO ESTADUAL PRINCESA ISABEL,Aurora Marques,27.589427256284758
ESCOLA MUNICIPAL PREFEITO JAMIL SABRA,Léo Fonseca,28.782377988630653
ESCOLA MUNICIPALIZADA PROFESSORA SARAH FARIA BRAZ,Caleb Vargas,53.91968616400989
ESCOLA MUNICIPALIZADA PROFESSORA SARAH FARIA BRAZ,Thomas Cunha,54.04613634103529
ESCOLA MUNICIPAL LIDDY MIGNONE,Henry Gabriel Rocha,36.23663611724313
COLEGIO ESTADUAL CORONEL ANTONIO PEÇANHA,Brenda Casa Grande,67.81343594080712
ESCOLA MUNICIPAL LIDDY MIGNONE,Erick Gonçalves,36.51589784726437
ESCOLA MUNICIPALIZADA PROFESSORA SARAH FARIA BRAZ,Kaique Montenegro,53.89795623354616
ESCOLA MUNICIPAL LIDDY MIGNONE,Henry Costa,36.67588776968309
ESCOLA MUNICIPALIZADA PROFESSORA SARAH FARIA BRAZ,Isis Dias,53.95383266618777
ESCOLA ESTADUAL ANTONIO LOPES DE CAMPOS FILHO,Gustavo Henrique da Costa,16.90212140119804
ESCOLA MUNICIPALIZADA PROFESSORA SARAH FARIA BRAZ,Matteo Mendes,54.061344247100635
ESCOLA MUNICIPAL LIDDY MIGNONE,Manuela Sampaio,36.94410432456448
ESCOLA PAROQUIAL BOM JESUS,Catarina Cardoso,33.04420719223576
ESCOLA MUNICIPAL SALVADOR KLING,Mariana Garcia,35.759008292250485
ESCOLA MUNICIPAL SALVADOR KLING,Davi Carvalho,35.759008292250485
ESCOLA MUNICIPAL ANA MOHAMMAD,Luiz Miguel Garcia,22.79246849749819
ESCOLA MUNICIPAL SALVADOR KLING,Benicio da Conceição,35.693281544018575
ESCOLA PAROQUIAL NOSSA SENHORA DA GLORIA,Alana Campos,19.904050677420017
ESCOLA MUNICIPAL SALVADOR KLING,Sophie Pires,37.682685446928296
ESCOLA SAO FRANCISCO DE ASSIS,Thomas Nogueira,36.490537425616864
ESCOLA SAO FRANCISCO DE ASSIS,Ryan Barbosa,36.490537425616864
ESCOLA PAROQUIAL BOM JESUS,Heloísa Barros,34.586278694645245
ESCOLA MUNICIPAL ROBERT KENNEDY,Yago da Cruz,28.227414577098408
ESCOLA PAROQUIAL BOM JESUS,Benjamin Leão,34.286351737277016
COLEGIO ESTADUAL MESTRE HIRAN,Alana Costa,0.0
COLEGIO ESTADUAL MESTRE HIRAN,Camila Castro,0.0
ESCOLA PAROQUIAL BOM JESUS,Ian da Rocha,34.26104427379189
COLÉGIO ESTADUAL PRINCESA ISABEL,Zoe Melo,31.449785997096022
COLÉGIO ESTADUAL PRINCESA ISABEL,Ana Beatriz Machado,31.449785997096022
ESCOLA PAROQUIAL BOM JESUS,Larissa Mendes,34.292654875929884
ESCOLA PAROQUIAL NOSSA SENHORA DA GLORIA,Nicolas da Rocha,20.57456534512633
ESCOLA PAROQUIAL NOSSA SENHORA DA GLORIA,Gael Rocha,20.57456534512633
ESCOLA PAROQUIAL BOM JESUS,Alexandre Andrade,34.172172608376876
ESCOLA MUNICIPAL ANA MOHAMMAD,André Correia,25.511400354381788
ESCOLA MUNICIPAL PREFEITO JAMIL SABRA,Ravy Nogueira,31.207614382538203
ESCOLA MUNICIPAL PREFEITO JAMIL SABRA,Marina Jesus,31.207614382538203
ESCOLA MUNICIPAL PREFEITO JAMIL SABRA,Cauê Macedo,31.22781778986403
ESCOLA MUNICIPAL PREFEITO JAMIL SABRA,Isabel Mendes,31.22781778986403
ESCOLA MUNICIPAL PREFEITO JAMIL SABRA,Ravi Lucca Cavalcanti,31.08688804393388
ESCOLA MUNICIPAL ROBERT KENNEDY,Nicolas Leão,31.764764396168296
ESCOLA MUNICIPAL NOSSA SENHORA DE MONT SERRAT,Cecília Moraes,76.04808699965918
ESCOLA MUNICIPAL ROBERT KENNEDY,Arthur Pires,28.596745084277682
ESCOLA MUNICIPAL ROBERT KENNEDY,Natália Teixeira,29.137296830342656
COLÉGIO ESTADUAL PRINCESA ISABEL,Catarina Vasconcelos,32.694235583585176
COLÉGIO ESTADUAL PRINCESA ISABEL,Ana Laura das Neves,32.139403192218765
ESCOLA MUNICIPAL DR. RUBENS DE CASTRO BOMTEMPO,Maria Cecília Fernandes,24.013894005036043
ESCOLA MUNICIPAL ANA MOHAMMAD,Paulo Fonseca,28.015138986211927
ESCOLA MUNICIPAL ANA MOHAMMAD,João Gabriel Fogaça,28.015138986211927
ESCOLA MUNICIPAL ANA MOHAMMAD,Samuel da Cruz,28.015138986211927
ESCOLA SAO CRISTOVAO,Julia Farias,29.31148967340387
COLEGIO ESTADUAL CONDESSA DO RIO NOVO,Alexandre da Costa,67.87394436415542
ESCOLA MUNICIPAL ROBERT KENNEDY,João Lucas Souza,31.37565772130308
ESCOLA MUNICIPAL DR. RUBENS DE CASTRO BOMTEMPO,Pedro Nunes,25.487412535895558
ESCOLA MUNICIPAL ROBERT KENNEDY,Marcos Vinicius Cassiano,31.38160792942629
ESCOLA SAO CRISTOVAO,Maria Flor Moreira,29.144771017650044
ESCOLA MUNICIPAL DR. RUBENS DE CASTRO BOMTEMPO,Henry Brito,25.583868184030294
ESCOLA MUNICIPAL DR. RUBENS DE CASTRO BOMTEMPO,Guilherme Lopes,25.583868184030294
ESCOLA MUNICIPAL ANA MOHAMMAD,Kevin Teixeira,26.4015477467782
ESCOLA MUNICIPAL RIO DAS PEDRAS,Renan Pimenta,26.75821189506914
ESCOLA MUNICIPAL PREFEITO JAMIL SABRA,Olivia Sales,34.597628041316156
ESCOLA MUNICIPAL DR. RUBENS DE CASTRO BOMTEMPO,Juan Novais,26.401824929502258
ESCOLA MUNICIPALIZADA PROFESSORA SARAH FARIA BRAZ,Hadassa Almeida,59.870317721200564
ESCOLA MUNICIPAL ANA MOHAMMAD,Ana Cecília da Cunha,26.893925779378634
ESCOLA MUNICIPAL DR. RUBENS DE CASTRO BOMTEMPO,Eduardo Abreu,26.013277858078247
ESCOLA DAS COMUNIDADES SANTO ANTONIO,Lunna Ferreira,22.01945841880209
ESCOLA MUNICIPAL ANA MOHAMMAD,Yan Ferreira,26.96335163995803
ESCOLA MUNICIPAL DR. RUBENS DE CASTRO BOMTEMPO,Davi Miguel Montenegro,27.259536831073344
ESCOLA DAS COMUNIDADES SANTO ANTONIO,Brenda Rodrigues,22.23722897325864
COLEGIO ESTADUAL RUY BARBOSA,Luan da Costa,22.146953760880972
ESCOLA MUNICIPAL OLÍMPIA DO COUTO,Calebe da Cunha,2.4154138705684143
ESCOLA DAS COMUNIDADES SANTO ANTONIO,Ravi Lucca Cunha,22.633081369474844
ESCOLA MUNICIPAL GERALDO VENTURA DIAS,Alana Machado,21.75610746561112
COLEGIO MERCÚRIO,Maya Campos,4.597763761752491
COLEGIO MERCÚRIO,Luan Silva,1.5159670712130657
COLEGIO MERCÚRIO,Cecília da Rosa,2.8520048451538456
COLEGIO ESTADUAL MONSENHOR BARENCO COELHO,Asafe Camargo,0.0
COLEGIO ESTADUAL MONSENHOR BARENCO COELHO,Maria Júlia Farias,0.0
ESCOLA MUNICIPAL GERALDO VENTURA DIAS,Isabelly Aragão,22.704555671858337
ESCOLA MUNICIPAL GERALDO VENTURA DIAS,Eloá Aragão,22.77691045374307
ESCOLA MUNICIPAL GERALDO VENTURA DIAS,Maria Clara Jesus,22.807408304442543
COLEGIO MERCÚRIO,Joana Caldeira,0.7020246796473947
ESCOLA MUNICIPAL RIO DAS PEDRAS,Diego Lopes,31.512418058600378
COLÉGIO ESTADUAL DOUTOR GALDINO DO VALLE FILHO,Mateus Aragão,71.11529806965369
COLÉGIO ESTADUAL DOUTOR GALDINO DO VALLE FILHO,Vicente Costela,71.08571968429533
ESCOLA MUNICIPAL GERALDO VENTURA DIAS,Cecília Carvalho,23.128548848160595
COLÉGIO ESTADUAL ETELVINA SCHOTTZ,Ana Julia Casa Grande,79.9593652344108
ESCOLA ESTADUAL CRUZEIRO DO SUL,Pedro Lucas da Costa,0.5309611829243993
ESCOLA ESTADUAL ANTONIO LOPES DE CAMPOS FILHO,Ana Lívia Caldeira,33.56563301986251
ESCOLA MUNICIPAL GERALDO VENTURA DIAS,Maria Isis da Mota,25.434744831059067
COLEGIO MERCÚRIO,Stella da Paz,5.992911502212361
COLÉGIO ESTADUAL ETELVINA SCHOTTZ,Bruno Abreu,78.04508257649486
ESCOLA MUNICIPAL RIO DAS PEDRAS,Marcela Fonseca,32.57645280038241
ESCOLA MUNICIPAL RIO DAS PEDRAS,Matteo Azevedo,32.57645280038241
COLÉGIO ESTADUAL DOUTOR GALDINO DO VALLE FILHO,Lara Farias,71.94133746400883
COLÉGIO ESTADUAL ETELVINA SCHOTTZ,Rodrigo da Mata,80.73346596589957
ESCOLA MUNICIPAL CORONEL EDMUNDO DE MACEDO SOARES E SILVA,Giovanna Duarte,32.556600304267796
ESCOLA MUNICIPAL CORONEL ASSUNCAO,Bento Albuquerque,3.5224622080100394
ESCOLA MUNICIPAL CORONEL ASSUNCAO,Mariah das Neves,4.492564560506546
ESCOLA MUNICIPAL PAULO REGLUS NEVES FREIRE,Luísa Machado,3.1743286630077407
ESCOLA MUNICIPAL GERALDO VENTURA DIAS,Gustavo Garcia,23.679050135407643
ESCOLA MUNICIPAL NOSSA SENHORA DE MONT SERRAT,Isaque Montenegro,77.09381148169244
ESCOLA MUNICIPAL BOA SORTE,Sophie da Mata,49.993941918197784
ESCOLA MUNICIPAL BOA SORTE,Ana Vitória da Rosa,51.07917280383973
ESCOLA MUNICIPAL BOA SORTE,Joaquim Câmara,51.07917280383973
COLÉGIO ESTADUAL ETELVINA SCHOTTZ,Maria Liz Moraes,77.30523012223276
ESCOLA MUNICIPAL THOMAS JEFFERSON,Luiz Henrique Rezende,0.8975151912722238
ESCOLA MUNICIPAL PAULO REGLUS NEVES FREIRE,Zoe Pinto,3.3954930540467623
ESCOLA ESTADUAL CÉSAR MONTEIRO,Murilo Abreu,86.94352125073938
ESCOLA MUNICIPAL CORONEL ASSUNCAO,Maria Porto,4.427038503643038
ESCOLA ESTADUAL CÉSAR MONTEIRO,João Felipe Rezende,86.83955613919612
ESCOLA ESTADUAL CÉSAR MONTEIRO,João Pedro Sampaio,86.97450445146869
ESCOLA MUNICIPAL PAULO REGLUS NEVES FREIRE,Leonardo da Mota,3.9101233394637425
ESCOLA MUNICIPAL RIO DAS PEDRAS,Giovanna da Cunha,33.6805022019927
ESCOLA MUNICIPAL OLÍMPIA DO COUTO,Maya Rodrigues,0.7907151670874234
ESCOLA MUNICIPAL BOA SORTE,Laís Vargas,51.571024254140376
ESCOLA MUNICIPAL SENADOR MARIO MARTINS,Henry Vieira,28.357188273177968
ESCOLA PAROQUIAL NOSSA SENHORA DA GLORIA,Yago Rezende,26.57365984437862
COLÉGIO ESTADUAL ETELVINA SCHOTTZ,Nicole Silva,82.53565398175519
COLEGIO ESTADUAL MONSENHOR BARENCO COELHO,José Pedro Cavalcanti,3.3124370516951314
ESCOLA MUNICIPAL RIO DAS PEDRAS,Otávio Duarte,34.004224384553915
ESCOLA MUNICIPAL THOMAS JEFFERSON,Luiz Gustavo Fogaça,0.8045304052943673
ESCOLA MUNICIPAL CORONEL ASSUNCAO,José Sá,1.8958785446719373
COLEGIO ESTADUAL MONSENHOR BARENCO COELHO,Ágatha Borges,3.230777435527508
COLEGIO ESTADUAL MONSENHOR BARENCO COELHO,Ana Gomes,3.3040274432053227
ESCOLA MUNICIPAL CORONEL ASSUNCAO,Marina Moura,2.1696026291032866
COLEGIO ESTADUAL MONSENHOR BARENCO COELHO,Lucas Almeida,3.3929914867562134
COLEGIO ESTADUAL MONSENHOR BARENCO COELHO,Guilherme Melo,3.4248533623485438
COLÉGIO ESTADUAL DOUTOR GALDINO DO VALLE FILHO,Théo Costa,74.28455333862419
ESCOLA MUNICIPAL ARTUR AZEVEDO,Maria Helena Azevedo,6.088526920965656
ESCOLA MUNICIPAL ARTUR AZEVEDO,Maria Luísa Porto,5.601663883898997
COLEGIO ESTADUAL MONSENHOR BARENCO COELHO,Isabela Moura,4.580180643744502
ESCOLA MUNICIPAL OLÍMPIA DO COUTO,Alice Souza,2.1333941795498856
ESCOLA MUNICIPAL THOMAS JEFFERSON,Henry Gabriel Fonseca,1.9677172050082166
ESCOLA MUNICIPAL CORONEL ASSUNCAO,Dom Lopes,2.157943891245869
ESCOLA MUNICIPAL CORONEL ASSUNCAO,Marina Guerra,2.157943891245869
ESCOLA ESTADUAL CRUZEIRO DO SUL,João Gabriel da Luz,4.152032836643428
ESCOLA MUNICIPAL THOMAS JEFFERSON,Amanda Costa,3.076852069440952
ESCOLA MUNICIPAL THOMAS JEFFERSON,Luiz Otávio Camargo,5.5530633309458315
ESCOLA MUNICIPAL CORONEL ASSUNCAO,Maria Sophia Guerra,1.29364881319487
ESCOLA MUNICIPAL BOA SORTE,Josué Costa,52.486455316400104
ESCOLA MUNICIPAL PROFESSORA VERA SABACK SAMPAIO,Fernanda Carvalho,4.289259346749656
ESCOLA MUNICIPAL THOMAS JEFFERSON,José Miguel da Rosa,3.5815471963552676
ESCOLA MUNICIPAL PROFESSORA VERA SABACK SAMPAIO,Erick Azevedo,5.515792588605906
ESCOLA MUNICIPAL PROFESSORA VERA SABACK SAMPAIO,Erick Pacheco,5.201684856297029
ESCOLA MUNICIPAL THOMAS JEFFERSON,Hadassa Pacheco,5.7606389611147115
ESCOLA MUNICIPAL MENDES VIANA,Laura Ramos,1.3968464724323755
COLEGIO MERCÚRIO,Lavínia Silveira,14.6004040204407
ESCOLA MUNICIPAL PROFESSORA VERA SABACK SAMPAIO,Liam Sales,4.394325013579916
ESCOLA MUNICIPAL PAULO REGLUS NEVES FREIRE,Ana Freitas,5.965824275927017
ESCOLA MUNICIPAL CARNEIRO RIBEIRO,Eduardo Fonseca,1.2940384921528234
ESCOLA MUNICIPAL CARNEIRO RIBEIRO,Maria Cecília Camargo,1.1429538391299494
ESCOLA MUNICIPAL CARNEIRO RIBEIRO,Bento Peixoto,1.2597131864385156
ESCOLA MUNICIPAL PAULO REGLUS NEVES FREIRE,Levi Novaes,6.051673120709902
ESCOLA MUNICIPAL MENDES VIANA,Sofia Mendonça,1.4580686241915115
ESCOLA MUNICIPAL MENDES VIANA,Vitor Gabriel Azevedo,1.4580686241915115
ESCOLA MUNICIPAL RIO DAS PEDRAS,Liam Vieira,37.68501117272841
COLEGIO MERCÚRIO,Manuella da Rocha,12.980693688264408
ESCOLA MUNICIPAL ARTUR AZEVEDO,Esther da Costa,13.338151234477396
ESCOLA MUNICIPAL ARTUR AZEVEDO,Ágatha Castro,13.338151234477396
ESCOLA PAROQUIAL NOSSA SENHORA DA GLORIA,Luiz Henrique da Conceição,27.896165247514517
ESCOLA MUNICIPAL OSWALDO GOELDI,Vitória Cavalcante,0.0
ESCOLA MUNICIPAL PROFESSORA VERA SABACK SAMPAIO,Ian Melo,5.076785023310298
ESCOLA MUNICIPAL CARNEIRO RIBEIRO,Daniel Azevedo,0.7897442869934184
ESCOLA MUNICIPAL OLÍMPIA DO COUTO,Luana Sousa,3.820593691547589
ESCOLA MUNICIPAL CARNEIRO RIBEIRO,Mariane Aragão,2.3963906320029094
ESCOLA PAROQUIAL NOSSA SENHORA DA GLORIA,Helena Moura,28.52800281100603
ESCOLA MUNICIPAL PROFESSORA VERA SABACK SAMPAIO,Rael Cavalcanti,4.824348859683378
ESCOLA MUNICIPAL MARIA CAMPOS,Elisa Macedo,30.32751455005086
ESCOLA MUNICIPAL PAULO REGLUS NEVES FREIRE,Maria Ribeiro,7.650267782378106
ESCOLA MUNICIPAL ARTUR AZEVEDO,Sophie Borges,15.71173008385848
ESCOLA MUNICIPAL CARNEIRO RIBEIRO,Heloisa Freitas,0.0
ESCOLA MUNICIPAL CARNEIRO RIBEIRO,Renan Freitas,0.0
ESCOLA MUNICIPAL OLÍMPIA DO COUTO,Fernando da Luz,4.388204036289923
ESCOLA MUNICIPAL OLÍMPIA DO COUTO,Maria Fernanda Castro,4.388204036289923
COLEGIO MERCEDARIO PIO XII MERCES,Stephany Dias,8.131759009355493
COLEGIO MERCEDARIO PIO XII MERCES,Luana Porto,8.131759009355493
ESCOLA MUNICIPAL MENDES VIANA,João Gabriel Sousa,3.353524622738901
ESCOLA ESTADUAL CÉSAR MONTEIRO,João Nunes,91.68321366557838
ESCOLA ESTADUAL CÉSAR MONTEIRO,Juan Martins,91.80158328390853
ESCOLA MUNICIPAL PAULO REGLUS NEVES FREIRE,Daniela Montenegro,8.568306871945891
ESCOLA MUNICIPAL OLÍMPIA DO COUTO,Davi Nascimento,4.846447067925249
ESCOLA PAROQUIAL NOSSA SENHORA DA GLORIA,Pedro Cavalcante,29.28450365647063
ESCOLA MUNICIPAL PAULO REGLUS NEVES FREIRE,Luiz Otávio Borges,8.650561308788904
COLEGIO MERCEDARIO PIO XII MERCES,Ravi Lucca Sampaio,8.950463719973925
ESCOLA MUNICIPAL ARTUR AZEVEDO,Alexia Moura,15.811133953110787
COLÉGIO ESTADUAL BARRA DE SÃO JOÃO,Ana Laura Brito,24.075822236482033
ESCOLA ESTADUAL CRUZEIRO DO SUL,Cauã Alves,8.325015081581979
ESCOLA ESTADUAL CRUZEIRO DO SUL,Arthur Gabriel Lopes,8.27911065201647
ESCOLA MUNICIPAL MARIA CAMPOS,José Miguel Pinto,31.012932421303898
ESCOLA MUNICIPAL FRANCISCO PALHETA,Alícia Monteiro,0.17968058951113589
ESCOLA MUNICIPAL FRANCISCO PALHETA,Ana Lívia Pires,0.17968058951113589
ESCOLA MUNICIPAL FRANCISCO PALHETA,Luan Moraes,0.17968058951113589
ESCOLA ESTADUAL CRUZEIRO DO SUL,Paulo Gonçalves,6.70499054481076
ESCOLA MUNICIPAL CARNEIRO RIBEIRO,Rebeca Pires,1.0297664386995304
COLEGIO ESTADUAL MESTRE HIRAN,Manuela Montenegro,13.489174210273877
ESCOLA MUNICIPAL FRANCISCO PALHETA,Clara Borges,0.31338549765552265
ESCOLA MUNICIPAL FRANCISCO PALHETA,Ravi Lucca Pimenta,0.31338549765552265
COLEGIO ESTADUAL RUY BARBOSA,Arthur Novaes,29.30304880108729
COLEGIO ESTADUAL RUY BARBOSA,Maria Eduarda Albuquerque,29.775889679771332
ESCOLA MUNICIPAL PROFESSORA VERA SABACK SAMPAIO,Maria Flor Barbosa,3.060104223910976
ESCOLA MUNICIPAL AFONSO VÁRZEA,Elisa Camargo,0.146719305078924
COLÉGIO ESTADUAL DOUTOR GALDINO DO VALLE FILHO,Sabrina Abreu,79.05239277212296
COLÉGIO ESTADUAL DOUTOR GALDINO DO VALLE FILHO,Lívia Farias,79.05239277212296
ESCOLA PAROQUIAL NOSSA SENHORA DA GLORIA,Heloisa Macedo,29.727680615011472
COLÉGIO ESTADUAL BARRA DE SÃO JOÃO,Bento Cassiano,24.14972210438578
ESCOLA MUNICIPAL OLÍMPIA DO COUTO,Thomas Barros,5.22119146875934
ESCOLA MUNICIPAL BOA SORTE,Ravi Machado,58.72893648311434
ESCOLA MUNICIPAL MENDES VIANA,Theodoro Rodrigues,3.5221147352054483
ESCOLA MUNICIPAL DELFIM MOREIRA,Luara da Rocha,2.2470164760294846
ESCOLA MUNICIPAL MENDES VIANA,Eduardo Siqueira,3.222293712433789
ESCOLA MUNICIPAL MENDES VIANA,Melissa Barros,3.217452656211302
ESCOLA MUNICIPAL AFONSO VÁRZEA,Ana Laura Porto,1.2041645777320782
ESCOLA MUNICIPAL OSWALDO GOELDI,Alícia Fonseca,5.434142006599939
COLEGIO PROGRESSAO,Davi Miguel Montenegro,5.534558251942763
COLEGIO MERCÚRIO,Laís Moura,22.824064457023507
COLEGIO ESTADUAL MESTRE HIRAN,Vinícius Cassiano,16.888446103014665
ESCOLA MUNICIPAL FRANCA,Helena Cunha,2.7826624377213647
ESCOLA MUNICIPAL MENDES VIANA,Oliver Pastor,3.251721804280432
COLÉGIO ESTADUAL BARRA DE SÃO JOÃO,Luiz Miguel Correia,25.12350637288439
COLEGIO ESTADUAL RUY BARBOSA,Heitor Almeida,30.177844443199167
ESCOLA MUNICIPAL NOSSA SENHORA DE MONT SERRAT,Caio Cavalcanti,82.70513995488069
COLEGIO MERCEDARIO PIO XII MERCES,Kaique Borges,9.972781758241275
COLEGIO ESTADUAL MESTRE HIRAN,João Fogaça,15.625841327950672
COLÉGIO ESTADUAL BARRA DE SÃO JOÃO,Ryan Montenegro,24.810631568312832
COLÉGIO ESTADUAL BARRA DE SÃO JOÃO,Breno Cirino,24.810631568312832
COLÉGIO ESTADUAL MARIETA CUNHA DA SILVA,Maya Cassiano,0.5292147445549729
COLÉGIO ESTADUAL BARRA DE SÃO JOÃO,Kamilly Garcia,25.011296302006805
ESCOLA ESTADUAL ANTONIO LOPES DE CAMPOS FILHO,Alexia Carvalho,43.65965803399394
COLEGIO PROGRESSAO,José Lima,6.877432685220148
COLEGIO ESTADUAL RUY BARBOSA,Julia Sales,30.74656366928445
ESCOLA MUNICIPAL FRANCA,Kamilly Cavalcanti,0.13974833664313235
ESCOLA MUNICIPAL FRANCA,Breno Câmara,0.13974833664313235
ESCOLA MUNICIPAL DELFIM MOREIRA,Vitor Hugo Azevedo,1.3069134949978354
ESCOLA ESTADUAL CRUZEIRO DO SUL,Juan Machado,10.09239050162029
ESCOLA MUNICIPAL FRANCA,Emanuel Montenegro,1.23670933921659
ESCOLA MUNICIPAL OSWALDO GOELDI,Davi Lucas Aragão,9.750418285010143
COLEGIO ESTADUAL RUY BARBOSA,Ágatha Cassiano,31.035434719349542
ESCOLA MUNICIPAL AFONSO VÁRZEA,Gustavo Henrique da Cunha,2.5179535724488114
ESCOLA ESTADUAL ANTONIO LOPES DE CAMPOS FILHO,Cauê Pires,46.629816749223224
ESCOLA ESTADUAL CRUZEIRO DO SUL,Hellena Farias,9.497231114626072
ESCOLA MUNICIPAL AFONSO VÁRZEA,Manuella Almeida,2.929194440471258
ESCOLA MUNICIPAL BOA SORTE,Maysa Jesus,60.0562885819292
ESCOLA MUNICIPAL AFONSO VÁRZEA,Matheus Cunha,1.3847791567160828
ESCOLA MUNICIPAL DELFIM MOREIRA,Miguel da Paz,1.4229742497557247
ESCOLA MUNICIPAL PROFESSORA VERA SABACK SAMPAIO,Heloisa Rios,4.471228560488505
ESCOLA MUNICIPAL AFONSO VÁRZEA,Clara Rios,4.534576502031113
ESCOLA ESTADUAL CRUZEIRO DO SUL,Zoe Sousa,10.021184501000306
ESCOLA MUNICIPAL DELFIM MOREIRA,Isabel Sales,1.2970297551734
ESCOLA MUNICIPAL AFONSO VÁRZEA,Kaique da Cunha,1.4105472230859886
ESCOLA MUNICIPAL DELFIM MOREIRA,Gabriela das Neves,1.5033534950936143
ESCOLA MUNICIPAL THOMAS JEFFERSON,Diogo Pereira,20.00578995729549
ESCOLA MUNICIPAL AFONSO VÁRZEA,Antônio Borges,4.6598130556666515
COLEGIO ESTADUAL CORONEL ANTONIO PEÇANHA,Camila Sampaio,80.85157013764344
ESCOLA MUNICIPAL FRANCA,Ana Carolina Ferreira,1.936463199610304
ESCOLA MUNICIPAL ARTUR AZEVEDO,Isaque Sousa,23.89680830288
ESCOLA MUNICIPAL ARTUR AZEVEDO,Gustavo Viana,23.89680830288
ESCOLA MUNICIPAL CORONEL EDMUNDO DE MACEDO SOARES E SILVA,Carolina Pacheco,40.04013374369633
ESCOLA ESTADUAL ANTONIO LOPES DE CAMPOS FILHO,Leandro Cassiano,39.81450255750961
COLEGIO ESTADUAL CORONEL ANTONIO PEÇANHA,Maria Júlia Moraes,80.91598723913151
ESCOLA MUNICIPAL DELFIM MOREIRA,Benicio Pimenta,0.8445240470264042
ESCOLA MUNICIPAL BOA SORTE,Alexandre Marques,59.38624156226744
ESCOLA MUNICIPAL OSWALDO GOELDI,Hellena Araújo,11.828127426109623
ESCOLA MUNICIPAL OSWALDO GOELDI,Clara Dias,11.828127426109623
COLÉGIO SANTA TERESA DE JESUS,Bernardo Cirino,2.8001017834172703
COLÉGIO ESTADUAL BARRA DE SÃO JOÃO,Maria Julia da Rocha,26.246305273196494
COLEGIO ESTADUAL MESTRE HIRAN,Ravi Campos,17.745351783503388
COLEGIO CELIO RODRIGUES,Luan Martins,0.9404977218427767
COLEGIO ESTADUAL MESTRE HIRAN,Ana Julia Guerra,19.491667918235315
COLÉGIO PENSI,Sophie Pereira,7.368205890251307
ESCOLA ELEVA,Kaique Gonçalves,9.03555289391658
ESCOLA ESTADUAL ANTONIO LOPES DE CAMPOS FILHO,Laís Fernandes,43.83652529080318
ESCOLA MUNICIPAL PRUDENTE DE MORAES,Maysa Novais,3.3324548232140834
COLÉGIO PENSI,Ana Julia Correia,7.180729300086623
ESCOLA MUNICIPAL PASTOR LUIZ LAURENTINO,Alana Ferreira,36.41707947813233
COLEGIO MERCEDARIO PIO XII MERCES,Ravy Correia,19.330548177578404
COLÉGIO IMACULADA CONCEIÇÃO,Juan Pimenta,8.223729779717292
ESCOLA MUNICIPAL JOÃO SALDANHA,Caio Marques,8.751309676438568
ESCOLA MUNICIPAL JOÃO SALDANHA,Eduardo da Luz,8.751309676438568
COLÉGIO IMACULADA CONCEIÇÃO,Esther Araújo,8.223729779717292
COLEGIO LOGOSÓFICO GONZÁLEZ PECOTCHE,Arthur Rocha,8.6954022075604
COLEGIO LOGOSÓFICO GONZÁLEZ PECOTCHE,Nicole Lima,8.6954022075604
COLEGIO LOGOSÓFICO GONZÁLEZ PECOTCHE,Milena Nunes,8.813781164628946
ESCOLA MUNICIPAL PRUDENTE DE MORAES,Joana Aragão,3.2483747904767566
COLÉGIO ELZA CAMPOS,Mariana Moraes,2.8565098083680582
COLÉGIO ANGELORUM,Sarah Gomes,2.1730920351995615
COLEGIO ESTADUAL MESTRE HIRAN,Luísa Ramos,19.805365361295923
COLEGIO CELIO RODRIGUES,Vinícius Pacheco,0.0
COLEGIO LOGOSÓFICO GONZÁLEZ PECOTCHE,Giovanna Dias,8.596547735042003
ESCOLA BRITÂNICA,Alexandre Fogaça,8.56592689326094
COLEGIO NACIONAL,Lorenzo Oliveira,3.2854982136300857
COLEGIO NACIONAL,Gabriela Novaes,2.5249202739554506
COLÉGIO ELZA CAMPOS,Thiago Moura,2.729200856914527
ESCOLA ELEVA,Davi Araújo,8.084874555962003
COLÉGIO ESTADUAL AMARO CAVALCANTI,Maria Liz Silva,2.8137312532401766
COLEGIO ESTADUAL INFANTE DOM HENRIQUE - BRO 433,Jade Pimenta,10.60876879321235
COLEGIO ESTADUAL INFANTE DOM HENRIQUE - BRO 433,Erick Pimenta,10.60876879321235
COLÉGIO ESTADUAL AMARO CAVALCANTI,Alana Vargas,2.746236523044846
COLÉGIO IMACULADA CONCEIÇÃO,Amanda Siqueira,7.293703279704199
ESCOLA MUNICIPAL DELFIM MOREIRA,Benjamim Nunes,0.4787800368713305
ESCOLA MUNICIPAL DELFIM MOREIRA,Otávio Albuquerque,0.4787800368713305
1/2 ESCOLA MUNICIPAL SENADOR ALENCASTRO GUIMARÃES - PÇ CAV,Olivia Teixeira,10.18786152304524
COLEGIO CELIO RODRIGUES,Isabelly Nunes,1.4811398784687528
COLEGIO CELIO RODRIGUES,Ana Júlia Rodrigues,1.4811398784687528
COLÉGIO PENSI,Natália Silva,6.2561712762931005
COLÉGIO ESTADUAL AMARO CAVALCANTI,Arthur Gabriel Borges,2.6799227996443302
COLÉGIO PENSI,Heloisa Sousa,5.707276437291556
1/2 ESCOLA MUNICIPAL SENADOR ALENCASTRO GUIMARÃES - PÇ CAV,Sofia Almeida,9.835646584909206
COLEGIO NACIONAL,Maria Eduarda Moura,3.2837599682889707
COLEGIO CELIO RODRIGUES,Lavínia da Rosa,0.8792463523517997
COLÉGIO PENSI,Alexandre Barbosa,5.8248158380472095
ESCOLA MUNICIPAL PROFESSOR DARCY RIBEIRO,Emanuel Dias,17.952984698053477
ESCOLA MUNICIPAL SÃO TOMAS DE AQUINO - PÇ AJN,Arthur Gabriel Borges,10.057693673478076
COLÉGIO PINHEIRO GUIMARÃES,Paulo Almeida,2.0634918875767756
1/2 ESCOLA MUNICIPAL SENADOR ALENCASTRO GUIMARÃES - PÇ CAV,Diogo Nunes,9.648806670641772
ESCOLA MUNICIPAL DOM AQUINO CORREA - BR 204,Diego Monteiro,9.632666683564233
COLÉGIO SANTA TERESA DE JESUS,Leonardo da Paz,1.7288264308264394
COLEGIO CELIO RODRIGUES,Milena Machado,3.7135291682092215
ESCOLA MUNICIPAL DOUTOR CÍCERO PENNA - A 1976,Evelyn Freitas,11.038851313009253
ESCOLA MUNICIPAL DOUTOR CÍCERO PENNA - A 1976,Yuri Pimenta,11.038851313009253
ESCOLA MUNICIPAL DOUTOR CÍCERO PENNA - A 1976,Joaquim Melo,11.038851313009253
ESCOLA MUNICIPAL DOM AQUINO CORREA - BR 204,Heloísa Gomes,9.900047147342331
ESCOLA BRITÂNICA,Sabrina Albuquerque,8.230433624343183
COLEGIO ESTADUAL INFANTE DOM HENRIQUE - BRO 433,Alana da Mata,9.92165120846236
COLEGIO MERCEDARIO PIO XII MERCES,Ayla Câmara,21.86512525144086
ESCOLA MUNICIPAL PROFESSOR DARCY RIBEIRO,Cecília Cunha,15.603289330710979
ESCOLA MUNICIPAL PROFESSOR DARCY RIBEIRO,Nathan Araújo,15.603289330710979
COLÉGIO ESTADUAL MARIETA CUNHA DA SILVA,Ana Júlia Farias,10.139815359418707
COLÉGIO ANGELORUM,Murilo Lopes,1.4326922796320352
COLÉGIO PINHEIRO GUIMARÃES,Zoe Abreu,1.9207778142489003
COLÉGIO ANGELORUM,Samuel Abreu,1.4093888335167686
ESCOLA ELEVA,Pietra Cirino,7.469841841431029
ESCOLA BRITÂNICA,Valentim Pires,7.939485212647427
ESCOLA MUNICIPAL PROFESSOR DARCY RIBEIRO,Isis Gonçalves,16.992405262818412
COLÉGIO ANGELORUM,Leonardo Vasconcelos,1.3950603492933098
COLÉGIO ELZA CAMPOS,Ana Vitória Camargo,4.252842893274346
COLÉGIO ELZA CAMPOS,João Pedro Cassiano,4.252842893274346
COLÉGIO PINHEIRO GUIMARÃES,Mariane Marques,1.8897111450314583
ESCOLA BRITÂNICA,Jade Leão,7.0388877308327995
ESCOLA ELEVA,Caio Teixeira,7.024181238060136
COLÉGIO PINHEIRO GUIMARÃES - HG 43,Ana Liz Aragão,10.899467161559684
1/2 ESCOLA MUNICIPAL SENADOR ALENCASTRO GUIMARÃES - PÇ CAV,Nicole Azevedo,9.241314226419126
COLÉGIO PINHEIRO GUIMARÃES,Mariana Alves,1.8068654802075108
COLEGIO ESTADUAL INFANTE DOM HENRIQUE - BRO 433,Gabrielly Pires,9.614112853862181
COLEGIO ESTADUAL INFANTE DOM HENRIQUE - BRO 433,Kevin Silva,9.614112853862181
ESCOLA MUNICIPAL SÃO TOMAS DE AQUINO - PÇ AJN,Lucas Gabriel Barbosa,9.717147843502222
ESCOLA MUNICIPAL DOM AQUINO CORREA - BR 204,Ágatha da Paz,9.376138009626057
ESCOLA BRITÂNICA,Kamilly Cavalcante,7.609750092921176
ESCOLA BRITÂNICA,Elisa Brito,7.233149020577184
COLÉGIO SÃO VICENTE DE PAULO,Davi Luiz Peixoto,3.0444279595500237
COLÉGIO SÃO VICENTE DE PAULO,Maya Guerra,3.0444279595500237
COLÉGIO PINHEIRO GUIMARÃES,Maria Vitória Camargo,1.8029066633444135
COLÉGIO PINHEIRO GUIMARÃES - HG 43,Sophie da Mata,10.750543302958077
COLÉGIO PINHEIRO GUIMARÃES - HG 43,Mariane Pastor,10.750543302958077
COLÉGIO PINHEIRO GUIMARÃES - HG 43,Ana Clara Rios,10.750543302958077
COLÉGIO SANTA TERESA DE JESUS,Luan Machado,1.6276766903137092
1/2 ESCOLA MUNICIPAL SENADOR ALENCASTRO GUIMARÃES - PÇ CAV,Melina Barbosa,9.16372292629485
ESCOLA MUNICIPAL DOM AQUINO CORREA - BR 204,Liz Vasconcelos,9.42028809039734
ESCOLA MUNICIPAL SÃO TOMAS DE AQUINO - PÇ AJN,Maya da Cruz,9.324223722745206
ESCOLA MUNICIPAL DOM AQUINO CORREA - BR 204,Asafe da Paz,9.043459246819465
ESCOLA MUNICIPAL DOUTOR CÍCERO PENNA - A 1976,Augusto Vieira,10.76840793362369
COLÉGIO ELZA CAMPOS,João Gabriel Melo,2.75181669097782
ESCOLA BRITÂNICA,Sofia da Rosa,6.922526376760378
ESCOLA MUNICIPAL DOM AQUINO CORREA - BR 204,Ana Luiza Costela,9.314544660747403
ESCOLA MUNICIPAL DOM AQUINO CORREA - BR 204,Josué Dias,9.251821216407727
1/2 ESCOLA MUNICIPAL SENADOR ALENCASTRO GUIMARÃES - PÇ CAV,Aurora Barros,9.140447308510616
COLÉGIO ESTADUAL AMARO CAVALCANTI,Ana Garcia,2.1155954856025034
COLEGIO ESTADUAL INFANTE DOM HENRIQUE - BRO 433,Alexandre Alves,9.330789549637087
COLEGIO LOGOSÓFICO GONZÁLEZ PECOTCHE,Antonella Jesus,6.969096550171654
COLÉGIO SANTA TERESA DE JESUS,Nicolas Sampaio,2.1075545346008093
COLEGIO CELIO RODRIGUES,Maria Clara Azevedo,2.8177245059989717
COLEGIO MERCEDARIO PIO XII MERCES,Ana Julia Sá,22.829680370647125
COLÉGIO PINHEIRO GUIMARÃES,Maria Vitória Silva,1.5693575257419266
COLÉGIO SANTO ANTÔNIO MARIA ZACCARIA,Gael da Cruz,1.6031375230738212
COLEGIO ESTADUAL INFANTE DOM HENRIQUE - BRO 433,Ravi Lucca da Cruz,8.986078227839494
COLÉGIO SÃO VICENTE DE PAULO,Paulo Vieira,2.768826010600203
COLÉGIO SÃO VICENTE DE PAULO,Vitor Cassiano,2.768826010600203
COLÉGIO SANTO ANTÔNIO MARIA ZACCARIA,Kaique Rezende,1.5492778803506781
ESCOLA MUNICIPAL PRUDENTE DE MORAES,Thiago Sales,1.8146342039483243
COLEGIO CELIO RODRIGUES,Laís Leão,2.462850261590095
COLÉGIO ESTADUAL MARIETA CUNHA DA SILVA,Arthur Vieira,9.299639066639193
ESCOLA MUNICIPAL PRUDENTE DE MORAES,Isadora Leão,1.8729665430196256
ESCOLA MUNICIPAL DOUTOR CÍCERO PENNA - A 1976,Eduarda Guerra,10.068639989435395
ESCOLA MUNICIPAL OSWALDO GOELDI,Elisa Cassiano,19.17729481761561
COLÉGIO SÃO VICENTE DE PAULO,Brenda Peixoto,2.715158883914085
COLÉGIO SANTO INÁCIO,Gabriel Pires,3.467716881486639
COLÉGIO FORÇA MÁXIMA,Léo Monteiro,2.0735709248268925
COLÉGIO FORÇA MÁXIMA,Ravy Pastor,2.0735709248268925
COLÉGIO FORÇA MÁXIMA,Ryan Campos,2.0735709248268925
COLEGIO MERCEDARIO PIO XII MERCES,Davi Miguel Pacheco,24.91075456995241
COLÉGIO PINHEIRO GUIMARÃES - HG 43,Ana Carolina Silveira,9.83343576287966
COLÉGIO ESTADUAL MARIETA CUNHA DA SILVA,Júlia Campos,11.01598706151478
ESCOLA MUNICIPAL ALBERT SCHWEITZER,Emilly Marques,2.5630386240442546
ESCOLA MUNICIPAL DOUTOR CÍCERO PENNA - A 1976,Heloisa Peixoto,9.688861969118115
COLÉGIO ESTADUAL AMARO CAVALCANTI,João Vitor Alves,1.8199350929606288
COLÉGIO PINHEIRO GUIMARÃES - HG 43,José Miguel Guerra,9.966269928408435
COLÉGIO PINHEIRO GUIMARÃES - HG 43,Carolina Lopes,9.966269928408435
ESCOLA MUNICIPAL SOARES PEREIRA,Vitória Andrade,4.171100040524906
COLEGIO ESTADUAL CORONEL ANTONIO PEÇANHA,Maria Alice Gomes,83.78744348693023
ESCOLA MUNICIPAL ALMIRANTE BARROSO,Luiz Fernando Duarte,2.696029097402234
ESCOLA DINAMIS,Erick Vargas,3.2114483689034556
COLÉGIO ESTADUAL MARIETA CUNHA DA SILVA,Felipe da Cruz,11.52119290364723
ESCOLA MUNICIPAL SOARES PEREIRA,Marina Pereira,5.7319465231977595
COLÉGIO SANTO ANTÔNIO MARIA ZACCARIA,Antonella Martins,1.3994275235084537
ESCOLA MUNICIPAL SÃO TOMAS DE AQUINO - PÇ AJN,Yasmin Siqueira,8.243384507382428
ESCOLA MUNICIPAL SÃO TOMAS DE AQUINO - PÇ AJN,Daniel Cassiano,8.243384507382428
ESCOLA MUNICIPAL SÃO TOMAS DE AQUINO - PÇ AJN,Eduarda Borges,8.243384507382428
ESCOLA MUNICIPAL SOARES PEREIRA,Miguel Castro,5.731175767079335
ESCOLA MUNICIPAL SOARES PEREIRA,Isabelly Mendonça,5.758751713132095
COLÉGIO PINHEIRO GUIMARÃES,Hellena Fernandes,1.273767046685816
COLÉGIO SANTO ANTÔNIO MARIA ZACCARIA,Calebe da Paz,1.43222203498887
COLÉGIO SÃO VICENTE DE PAULO,Pedro Henrique Cirino,2.558047996289192
ESCOLA DINAMIS,Ryan Andrade,3.148894971971223
ESCOLA MUNICIPAL ALMIRANTE BARROSO,Luiz Otávio Porto,3.7395312275165877
COLÉGIO ESTADUAL AMARO CAVALCANTI,Isabela Castro,1.742289329641215
ESCOLA MUNICIPAL ALBERT SCHWEITZER,Paulo Montenegro,2.446050293554525
COLÉGIO SANTO ANTÔNIO MARIA ZACCARIA,Luna Carvalho,1.2633463293079146
COLÉGIO ANGELORUM,João Miguel Gomes,0.7454782181167906
ESCOLA ADVENTISTA BOTAFOGO,Maria Luísa Vargas,3.3497210062248928
ESCOLA ADVENTISTA BOTAFOGO,Luiz Felipe Rodrigues,3.3497210062248928
ESCOLA MUNICIPAL ALBERT SCHWEITZER,Hellena Albuquerque,2.453706802077753
COLÉGIO SANTA TERESA DE JESUS,Clarice Melo,1.2363259621729896
COLÉGIO SANTA TERESA DE JESUS,Pedro Henrique Camargo,1.2363259621729896
COLÉGIO SANTO INÁCIO,Luiz Henrique Vieira,3.249112491680318
COLÉGIO SANTO ANTÔNIO MARIA ZACCARIA,Nathan Mendes,1.2260225290013718
COLEGIO ESTADUAL CORONEL ANTONIO PEÇANHA,Yuri da Paz,83.29470113719725
COLÉGIO SANTA TERESA DE JESUS,Benjamin Teixeira,0.9729011217489362
ESCOLA MUNICIPAL CARLOS MAGNO LEGENTIL MATTOS,Otávio Garcia,0.6897439253688072
ESCOLA EDEM,João Pedro Fogaça,1.6852135008021585
ESCOLA EDEM,Melissa Casa Grande,1.6571828580859356
COLÉGIO SÃO VICENTE DE PAULO,Maria Cecília Peixoto,2.3906598370969885
ESCOLA EDEM,Luan Pinto,1.6504612858649983
ESCOLA EDEM,Julia Duarte,1.6504612858649983
ESCOLA EDEM,Maria Vitória Sampaio,1.6693923059458635
ESCOLA MUNICIPAL PRUDENTE DE MORAES,Rafael Novaes,1.6560534936458302
COLÉGIO ANGELORUM,Matheus Cirino,0.6331589873458825
COLÉGIO ANGELORUM,Ágatha Cavalcante,0.6331589873458825
ESCOLA EDEM,Camila Aparecida,1.5950409522926572
ESCOLA MUNICIPAL PROFESSOR DARCY RIBEIRO,Natália Camargo,0.0
ESCOLA MUNICIPAL ALBERT SCHWEITZER,Isabela Souza,2.290996078075953
ESCOLA MUNICIPAL ALBERT SCHWEITZER,Maysa Siqueira,2.290996078075953
ESCOLA MUNICIPAL PRESIDENTE ARTHUR DA COSTA E SILVA,Gabriel Ramos,2.740872359389882
COLÉGIO ESTADUAL MARIETA CUNHA DA SILVA,Ana Carolina da Cruz,10.761903799588891
COLÉGIO PENSI,Isaque Camargo,2.742977688099919
ESCOLA MUNICIPAL SÉRVULO DE LIMA,Maria Clara Rodrigues,6.2210555902256734
ESCOLA MUNICIPAL ALBERT SCHWEITZER,Ayla Abreu,2.2028217179887517
COLÉGIO SANTO INÁCIO,Arthur Miguel Pacheco,3.006610005416309
ESCOLA EDEM,Maria Barbosa,1.4840291834941086
ESCOLA MUNICIPAL SOARES PEREIRA,Luana Brito,5.243211535993416
COLÉGIO ANGELORUM,Ayla Souza,0.45636342881461384
COLÉGIO PINHEIRO GUIMARÃES,José Aragão,0.925644219374248
ESCOLA MUNICIPAL CARLOS MAGNO LEGENTIL MATTOS,Cecilia Rodrigues,12.495425089137095
ESCOLA MUNICIPAL OSWALDO GOELDI,Antonella Fogaça,20.04628004698261
ESCOLA MUNICIPAL FRANCISCO PALHETA,Benjamin Barros,4.77858914557439
ESCOLA MUNICIPAL PROFESSOR DARCY RIBEIRO,Caleb Ferreira,0.29031300041484376
ESCOLA MUNICIPAL PROFESSOR DARCY RIBEIRO,Allana Sousa,18.324318624659043
ESCOLA MUNICIPAL SOARES PEREIRA,Alice Siqueira,2.7881759447113685
ESCOLA MUNICIPAL SOARES PEREIRA,Alice Fogaça,2.7881759447113685
COLEGIO PROGRESSAO,Enrico da Mata,5.234872273861271
ESCOLA MUNICIPAL CARLOS MAGNO LEGENTIL MATTOS,Rafael Sousa,12.722090613235753
COLÉGIO ESTADUAL MARIETA CUNHA DA SILVA,Liz Moraes,10.503029513032036
ESCOLA MUNICIPAL CARLOS MAGNO LEGENTIL MATTOS,Valentim Moraes,0.15380952118770028
COLÉGIO APOLLO 12 (APOLINHO),Ravy Cavalcante,1.874413951887201
ESCOLA MUNICIPAL FRANCISCO PALHETA,Pedro Miguel Cirino,5.044271787928143
ESCOLA MUNICIPAL CARLOS MAGNO LEGENTIL MATTOS,Emanuella Moreira,0.5807574803901474
COLEGIO PROGRESSAO,Brenda Nunes,5.1344610448972645
COLEGIO PROGRESSAO,Gabriel Jesus,5.1344610448972645
COLEGIO PROGRESSAO,Luiz Miguel das Neves,5.1344610448972645
COLÉGIO SANTA TERESA DE JESUS,Maria Helena Vieira,0.11125996406965713
COLÉGIO SANTO INÁCIO,Isabella Castro,2.668454830161873
COLEGIO NACIONAL,Theo Moraes,6.230259330644559
COLEGIO NACIONAL,Dom Monteiro,6.230259330644559
ESCOLA MUNICIPAL FRANCISCO PALHETA,Maria Fernanda Moraes,5.152486773377608
ESCOLA MUNICIPAL FRANCA,Ana Porto,7.723617187248037
ESCOLA MUNICIPAL FRANCA,Alice Porto,7.757825677646829
COLÉGIO APOLLO 12 (APOLINHO),Sophia Ramos,1.883402604725609
COLÉGIO APOLLO 12 (APOLINHO),Theodoro Rocha,1.6399006240889542
ESCOLA MUNICIPAL ALMIRANTE BARROSO,Lucas Gabriel Pires,1.3258834586328925
ESCOLA MUNICIPAL PRUDENTE DE MORAES,João Felipe Aparecida,1.040640639611051
ESCOLA MUNICIPAL SÃO TOMAS DE AQUINO - PÇ AJN,Luiza Costela,9.273647786660307
ESCOLA CASTELNUOVO,Felipe Rios,12.869422496048326
ESCOLA MUNICIPAL CARLOS MAGNO LEGENTIL MATTOS,Otto Peixoto,0.4192462275398342
COLÉGIO SANTO INÁCIO,Davi Miguel Camargo,2.464446556059382
ESCOLA MUNICIPAL ALMIRANTE BARROSO,João Cirino,1.8579828086175076
COLÉGIO ESTADUAL AMARO CAVALCANTI,Maria Alice Gonçalves,0.8433828147254165
ESCOLA MUNICIPAL PRESIDENTE ARTHUR DA COSTA E SILVA,Zoe Gomes,2.071160362987041
COLÉGIO ESTADUAL MARIETA CUNHA DA SILVA,Alícia Camargo,15.552687166772321
ESCOLA MUNICIPAL CORONEL EDMUNDO DE MACEDO SOARES E SILVA,Kamilly da Paz,44.12185505386497
ESCOLA MUNICIPAL CORONEL EDMUNDO DE MACEDO SOARES E SILVA,Joaquim Machado,44.12185505386497
ESCOLA MUNICIPAL FÉLIX PACHECO,Leandro Costela,6.2452624269816575
COLÉGIO SANTO ANTÔNIO MARIA ZACCARIA,Luiz Fernando Nascimento,0.3694830758538611
ESCOLA MUNICIPAL ALMIRANTE BARROSO,Thomas Azevedo,1.2721761925902908
ESCOLA MUNICIPAL FÉLIX PACHECO,Maria Helena Carvalho,6.336334518433283
ESCOLA MUNICIPAL OSWALDO GOELDI,Davi Lucca Porto,21.640808044261227
COLÉGIO APOLLO 12 (APOLINHO),Maria Flor da Luz,1.50774664780883
COLÉGIO APOLLO 12 (APOLINHO),Benicio da Conceição,1.50774664780883
ESCOLA MUNICIPAL CORONEL EDMUNDO DE MACEDO SOARES E SILVA,Leonardo Guerra,42.95103213394381
COLÉGIO SANTO ANTÔNIO MARIA ZACCARIA,Eduarda Ribeiro,0.16460234273729568
ESCOLA MUNICIPAL SÉRVULO DE LIMA,Marina da Conceição,7.589088024242557
ESCOLA MUNICIPAL SÉRVULO DE LIMA,Giovanna da Cruz,7.589088024242557
ESCOLA MUNICIPAL SÉRVULO DE LIMA,Zoe Cassiano,7.589088024242557
ESCOLA CASTELNUOVO,Maria Julia Lopes,12.497337991379279
ESCOLA MUNICIPAL SÉRVULO DE LIMA,Miguel Pacheco,8.58182629494607
COLÉGIO ELZA CAMPOS,Ísis Teixeira,1.3063758019176888
ESCOLA MUNICIPAL PRUDENTE DE MORAES,Thomas Azevedo,0.4543589027083184
COLÉGIO ELZA CAMPOS,Pedro Miguel da Rocha,2.2765248736676837
ESCOLA MUNICIPAL SÉRVULO DE LIMA,Yago Aragão,7.75641869996699
ESCOLA MUNICIPAL PRUDENTE DE MORAES,Natália da Rosa,0.7853949257329406
COLEGIO PROGRESSAO,Sara Campos,5.893409993293121
COLEGIO NACIONAL,Zoe Araújo,7.651488430534443
COLEGIO NACIONAL,Nina Melo,7.651488430534443
COLEGIO NACIONAL,Ana Júlia Novaes,7.651488430534443
COLÉGIO ELZA CAMPOS,Léo Souza,8.998391464505293
ESCOLA MUNICIPAL PROFESSORA ALCIONE SOARES RANGEL DA SILVA,Luna Lima,0.0005710978204420189
ESCOLA MUNICIPAL SOARES PEREIRA,Luiz Miguel Novaes,0.0
JARDIM ESCOLA MUNDO INFANTIL,Arthur Miguel Cavalcanti,11.5083935280536
ESCOLA MUNICIPAL OLEGÁRIO DOMINGUES,Luiza Borges,12.083427196676485
COLÉGIO FORÇA MÁXIMA,Felipe Macedo,0.6878966112399237
COLÉGIO FORÇA MÁXIMA,Elisa da Mota,0.6878966112399237
ESCOLA MUNICIPAL FRANCA,Camila Nunes,9.18453481219867
ESCOLA MUNICIPAL FÉLIX PACHECO,Beatriz da Costa,5.422487013463387
ESCOLA MUNICIPAL SÉRVULO DE LIMA,Maria Sophia Carvalho,9.352336212699429
COLÉGIO FORÇA MÁXIMA,Alícia Camargo,0.603532699673167
ESCOLA MUNICIPAL CARLOS MAGNO LEGENTIL MATTOS,Ravy Pimenta,0.8556870245527446
ESCOLA MUNICIPAL ALMIRANTE BARROSO,Enzo Gabriel Borges,2.5572680755379955
COLEGIO PROGRESSAO,Ravy Costela,6.288760109636535
ESCOLA MUNICIPAL PROFESSOR DARCY RIBEIRO,Nina Macedo,15.676637727924149
ESCOLA MUNICIPAL AMANDA  PENNA DE AZEVEDO SOARES,Leandro Viana,26.021172795379517
COLÉGIO PENSI,Lunna da Luz,0.5357961824838388
ESCOLA MUNICIPAL SÉRVULO DE LIMA,Evelyn Moraes,8.508792190190734
COLÉGIO FORÇA MÁXIMA,Enzo Pereira,0.3480984522324768
ESCOLA MUNICIPAL ALMIRANTE BARROSO,Olivia Sousa,0.0
ESCOLA MUNICIPAL BARÃO DE ITACURUSSÁ,Henry Gabriel Teixeira,0.3769456160848373
ESCOLA MUNICIPAL BARÃO DE ITACURUSSÁ,Dante Barros,0.3769456160848373
ESCOLA MUNICIPAL BARÃO DE ITACURUSSÁ,Luara Garcia,0.0
ESCOLA MUNICIPAL BARÃO DE ITACURUSSÁ,Marina Vieira,0.08189326923084342
ESCOLA MUNICIPAL BARÃO DE ITACURUSSÁ,Hellena Castro,0.8316547306030805
ESCOLA MUNICIPAL BARÃO DE ITACURUSSÁ,Lorenzo Rezende,0.8316547306030805
ESCOLA CASTELNUOVO,Yago Albuquerque,11.724256575868747
ESCOLA PALAS (R. CONDE DE BONFIM),Ana Mendonça,0.0
ESCOLA MUNICIPAL PRESIDENTE ARTHUR DA COSTA E SILVA,Davi Miguel da Rocha,0.9827123745153852
ESCOLA MUNICIPAL PRESIDENTE ARTHUR DA COSTA E SILVA,Maria Laura Novaes,0.9827123745153852
ESCOLA MUNICIPAL AMANDA  PENNA DE AZEVEDO SOARES,Cauã Pimenta,3.985431612451294
ESCOLA MUNICIPAL CARLOS MAGNO LEGENTIL MATTOS,Maya Gomes,1.5285085681217951
ESCOLA MUNICIPAL FÉLIX PACHECO,Matteo Costa,7.6716158979210265
ESCOLA MUNICIPAL FÉLIX PACHECO,Raul Barros,7.6716158979210265
ESCOLA MUNICIPAL PRESIDENTE ARTHUR DA COSTA E SILVA,Luiz Fernando Casa Grande,0.9091526127032558
ESCOLA MUNICIPAL PROFESSORA ALCIONE SOARES RANGEL DA SILVA,Lorena Cavalcante,20.2204461984568
ESCOLA MUNICIPAL PROFESSORA ALCIONE SOARES RANGEL DA SILVA,Alexia Albuquerque,20.2204461984568
COLÉGIO SANTO INÁCIO,Caleb da Paz,1.1662850888460758
ESCOLA MUNICIPAL NOSSA SENHORA DE MONT SERRAT,Ryan Almeida,86.05907898231065
COLÉGIO DOS SANTOS ANJOS,Bryan Pastor,0.0
ESCOLA DINAMIS,Luna Marques,0.9900931142533888
ESCOLA MUNICIPAL ALBERT SCHWEITZER,Benicio da Cruz,0.2857800548743306
ESCOLA MUNICIPAL PROFESSORA ALCIONE SOARES RANGEL DA SILVA,Vicente das Neves,15.403500998180768
COLÉGIO IMACULADA CONCEIÇÃO,Theodoro Fogaça,0.7025822971838495
ESCOLA MUNICIPAL PROFESSORA ALCIONE SOARES RANGEL DA SILVA,Nicolas Teixeira,25.4689600179748
COLÉGIO IMACULADA CONCEIÇÃO,Sara Cassiano,0.8696450725561645
ESCOLA PALAS (R. CONDE DE BONFIM),Levi Pimenta,1.36553353628055
ESCOLA MUNICIPAL PROFESSORA ALCIONE SOARES RANGEL DA SILVA,Enrico Sales,19.94137762632017
ESCOLA ADVENTISTA BOTAFOGO,Valentim Moura,1.012361842481633
COLÉGIO IMACULADA CONCEIÇÃO,Marcos Vinicius Brito,0.9622552702079527
COLÉGIO APOLLO 12 (APOLINHO),Nina Vasconcelos,3.191791210321153
COLÉGIO APOLLO 12 (APOLINHO),Isabel Peixoto,3.191791210321153
ESCOLA MUNICIPAL FÉLIX PACHECO,Thales Teixeira,9.271196899337054
ESCOLA MUNICIPAL FÉLIX PACHECO,Giovanna Moraes,9.271196899337054
COLÉGIO PEDRO II (PEDRÃO),Gabrielly Cassiano,1.5609425241016839
COLÉGIO PEDRO II (PEDRÃO),Beatriz Nunes,1.5609425241016839
REDE MV1 - COLÉGIO MV1 JÚNIOR,Maria Isis Ramos,11.14079222747475
REDE MV1 - COLÉGIO MV1 JÚNIOR,Cecilia Sá,11.14079222747475
JARDIM ESCOLA MUNDO INFANTIL,Camila Aparecida,14.601777185436008
ESCOLA MUNICIPAL FÉLIX PACHECO,Maria Vitória Novaes,9.451509053659558
COLÉGIO IMACULADA CONCEIÇÃO,Liz da Rocha,0.2750768916347044
ESCOLA MUNICIPAL JOÃO SALDANHA,Arthur Miguel Freitas,1.3879851307607631
ESCOLA MUNICIPAL JOÃO SALDANHA,Isabela Mendes,1.388390052438552
JARDIM ESCOLA MUNDO INFANTIL,Stella Ferreira,14.531896721896446
ESCOLA ADVENTISTA BOTAFOGO,Benício Mendes,0.7316072035220275
ESCOLA DINAMIS,Brenda Lima,0.636911552132954
JARDIM ESCOLA MUNDO INFANTIL,Marcela Leão,15.910696600216424
JARDIM ESCOLA MUNDO INFANTIL,Daniel Gomes,14.565563258410165
JARDIM ESCOLA MUNDO INFANTIL,Maitê Dias,15.9021592767448
ESCOLA DINAMIS,Fernando da Conceição,0.5262155631088818
JARDIM ESCOLA MUNDO INFANTIL,Sarah Barros,15.87819313767285
REDE MV1 - COLÉGIO MV1 JÚNIOR,Daniela das Neves,13.311890099417882
ESCOLA MUNICIPAL PROFESSORA ALCIONE SOARES RANGEL DA SILVA,Joana Costela,22.741426272274058
REDE MV1 - COLÉGIO MV1 JÚNIOR,Cecilia Fonseca,11.147466825616592
REDE MV1 - COLÉGIO MV1 JÚNIOR,Maria Julia Vargas,11.147466825616592
REDE MV1 - COLÉGIO MV1 JÚNIOR,Heloisa das Neves,14.15603790077384
ESCOLA DINAMIS,Isabel Correia,0.3395861044341086
ESCOLA MUNICIPAL PRESIDENTE ARTHUR DA COSTA E SILVA,Mariah Cavalcante,0.009464229051405858
ESCOLA MUNICIPAL PRESIDENTE ARTHUR DA COSTA E SILVA,Brayan Melo,0.0
ESCOLA DINAMIS,Arthur Miguel Cunha,0.17380150287465354
ESCOLA JOAQUIM NABUCO,Maria Cecília da Conceição,0.5694268699604883
COLÉGIO SANTO INÁCIO,Allana Silva,0.14861500050960935
ESCOLA JOAQUIM NABUCO,Maitê Cavalcante,0.46378663549928767
ESCOLA JOAQUIM NABUCO,Paulo Oliveira,0.46378663549928767
ESCOLA ADVENTISTA BOTAFOGO,Ravi Lucca Fernandes,0.10653938110353581
ESCOLA MUNICIPAL JOÃO SALDANHA,Henry Câmara,0.5368602793348233
ESCOLA ADVENTISTA BOTAFOGO,Allana Souza,0.1285954940723737
COLEGIO LOGOSÓFICO GONZÁLEZ PECOTCHE,Benício Rios,0.6997161551593872
1/2 ESCOLA MUNICIPAL SENADOR ALENCASTRO GUIMARÃES - PÇ CAV,Yuri Ribeiro,1.8950176824735008
ESCOLA ELEVA,Pietro Abreu,0.22084827744002028
ESCOLA ADVENTISTA BOTAFOGO,Manuela Aparecida,0.21568240737980965
ESCOLA MUNICIPAL BARÃO DE ITACURUSSÁ,Ana Julia Nogueira,11.863671496832342
ESCOLA JOAQUIM NABUCO,Bryan Pacheco,0.4134678744306996
1/2 - ESCOLA MUNICIPAL DOUTOR CÓCIO BARCELLOS - BI 34,Nina Fonseca,1.8697305724488102
ESCOLA JOAQUIM NABUCO,Heitor da Rosa,0.32119977089226565
ESCOLA ELEVA,Emilly Mendonça,0.002099170990711844
ESCOLA ELEVA,Ester da Rosa,0.002099170990711844
COLÉGIO PEDRO II (PEDRÃO),Maria Flor Cavalcanti,0.6910703169321196
COLEGIO LOGOSÓFICO GONZÁLEZ PECOTCHE,Ísis Campos,0.409593927500748
ESCOLA MUNICIPAL JOÃO SALDANHA,Renan Caldeira,0.03453121212745454
ESCOLA MUNICIPAL JOÃO SALDANHA,Oliver Oliveira,0.0
ESCOLA JOAQUIM NABUCO,Benicio Montenegro,0.004988788464975415
ESCOLA ESTADUAL ANTONIO LOPES DE CAMPOS FILHO,Elisa Oliveira,22.111730348877906
1/2 - PENSI - COLEGIO E CURSO - BI 85,André Souza,2.5080556200614277
1/2 - COLÉGIO SAGRADO CORAÇÃO DE MARIA - T 56,Davi Luiz Freitas,1.7261064260949692
1/2 - ESCOLA MUNICIPAL DOUTOR CÓCIO BARCELLOS - BI 34,Diego Vargas,1.7830620192646416
1/2 - ESCOLA MUNICIPAL DOUTOR CÓCIO BARCELLOS - BI 34,Lorenzo Cassiano,1.7830620192646416
1/2 - ESCOLA MUNICIPAL DOUTOR CÓCIO BARCELLOS - BI 34,Luiz Otávio Moreira,1.734385429522206
ESCOLA JOAQUIM NABUCO,Maria Eduarda Siqueira,0.19685796237378006
COLÉGIO PEDRO II (PEDRÃO),Agatha Cassiano,0.33923710194766316
1/2 - ESCOLA MUNICIPAL DOUTOR CÓCIO BARCELLOS - BI 34,Ana Vitória Leão,1.771661895011708
ESCOLA MARILIA DE DIRCEU,José Miguel Azevedo,2.4354639332013117
ESCOLA MUNICIPAL DOUTOR CÍCERO PENNA - A 1976,Pietra Almeida,2.0312717850599844
1/2 - ESCOLA MUNICIPAL DOUTOR CÓCIO BARCELLOS - BI 34,Luiz Miguel Freitas,1.7640836790117533
1/2 - COLÉGIO SAGRADO CORAÇÃO DE MARIA - T 56,Ester Novais,1.3585739351933597
1/2 - COLÉGIO SAGRADO CORAÇÃO DE MARIA - T 56,Davi Miguel Azevedo,1.3322070072882797
1/2 - ESCOLA MUNICIPAL DOUTOR CÓCIO BARCELLOS - BI 34,Maria Fernanda Ribeiro,1.6868215718454505
ESCOLA MUNICIPAL PROFESSORA ALCIONE SOARES RANGEL DA SILVA,Vitor Carvalho,21.82982729553732
COLÉGIO PEDRO II (PEDRÃO),Benicio da Cruz,0.34217335043876296
1/2 - COLÉGIO SAGRADO CORAÇÃO DE MARIA - T 56,Asafe Garcia,1.0723624407124637
1/2 - COLÉGIO SAGRADO CORAÇÃO DE MARIA - T 56,Evelyn Fonseca,1.1058125422346754
1/2 - COLÉGIO SAGRADO CORAÇÃO DE MARIA - T 56,José Miguel Barbosa,1.0091073525143948
COLÉGIO PEDRO II (PEDRÃO),Maitê Campos,0.31196593339987383
ESCOLA MARILIA DE DIRCEU,Maria Luiza Fernandes,2.210765045302381
COLEGIO MALLET SOARES - B 121,Gael Henrique Barbosa,1.5528167183286155
COLÉGIO PEDRO II (PEDRÃO),Enzo Vargas,0.0
ESCOLA MUNICIPAL AMANDA  PENNA DE AZEVEDO SOARES,Juan da Rosa,16.502928992143854
1/2 - PENSI - COLEGIO E CURSO - BI 85,Kevin Barbosa,1.7984749003247087
ESCOLA MUNICIPAL AMANDA  PENNA DE AZEVEDO SOARES,Gael Novaes,22.258764106883135
ESCOLA MUNICIPAL OLEGÁRIO DOMINGUES,Léo Sá,21.274145866993205
REDE MV1 - COLÉGIO MV1 JÚNIOR,Luan Machado,17.607448821722656
ESCOLA MUNICIPAL CILENCINA RUBEM DE OLIVEIRA MELO,Milena Costela,37.16731891058804
COLEGIO MALLET SOARES - B 121,Luísa Sales,2.1679879439146563
ESCOLA HENRIQUE DODSWORTH,João Guilherme Nascimento,1.9526943574691504
ESCOLA HENRIQUE DODSWORTH,Maya Albuquerque,1.9526943574691504
ESCOLA HENRIQUE DODSWORTH,Anthony Sampaio,1.9526943574691504
ESCOLA HENRIQUE DODSWORTH,Emilly Cassiano,1.7860741398672793
COLEGIO MALLET SOARES - B 121,Jade Fonseca,2.033761070177686
ESCOLA MUNICIPAL AMANDA  PENNA DE AZEVEDO SOARES,Bianca da Conceição,14.64923231686223
COLEGIO MALLET SOARES - B 121,Arthur Miguel Jesus,1.7709208628949777
ESCOLA HENRIQUE DODSWORTH,Maria Júlia Castro,1.9879241607856226
ESCOLA HENRIQUE DODSWORTH,Esther Sousa,4.164565331576617
ESCOLA MUNICIPAL AMANDA  PENNA DE AZEVEDO SOARES,Rhavi Cavalcanti,20.036804082114177
ESCOLA MUNICIPAL AMANDA  PENNA DE AZEVEDO SOARES,Liam Pimenta,20.036804082114177
ESCOLA MUNICIPAL OLEGÁRIO DOMINGUES,Eduarda Rezende,3.073504952838844
1/2 - PENSI - COLEGIO E CURSO - BI 85,Maitê Vasconcelos,0.9464923088524375
1/2 - COLÉGIO SAGRADO CORAÇÃO DE MARIA - T 56,Zoe Cavalcanti,0.0
ESCOLA MUNICIPAL PASTOR LUIZ LAURENTINO,Gabrielly Barbosa,42.78501095014778
COLÉGIO ESTADUAL BARRA DE SÃO JOÃO,Lara da Conceição,33.12359341030202
ESCOLA MUNICIPAL AMANDA  PENNA DE AZEVEDO SOARES,Emanuelly Aragão,24.28226831752518
1/2 - PENSI - COLEGIO E CURSO - BI 85,Maria Eduarda da Luz,0.54830549628518
1/2 - PENSI - COLEGIO E CURSO - BI 85,Larissa Alves,0.54830549628518
COLÉGIO ESTADUAL VICENTE JANNUZZI,Emanuella Cavalcante,3.235972263132943
1/2 - PENSI - COLEGIO E CURSO - BI 85,Maria Julia Ferreira,0.23528575645959798
COLÉGIO SANTO AGOSTINHO,Clarice Souza,3.977828335063362
COLEGIO MALLET SOARES - B 121,Allana Cirino,0.6613669983474325
COLEGIO MALLET SOARES - B 121,Marina Sá,0.5239303572889272
COLEGIO MALLET SOARES - B 121,Arthur Pereira,0.5239303572889272
COLÉGIO ESTADUAL VICENTE JANNUZZI,Raul Santos,3.0836705665595323
1/2 - PENSI - COLEGIO E CURSO - BI 85,Isis Siqueira,0.0
ESCOLA PALAS (R. CONDE DE BONFIM),Lívia Novaes,10.821004483406792
ESCOLA PALAS (R. CONDE DE BONFIM),Ana Lívia da Rocha,10.821004483406792
COLÉGIO ESTADUAL VICENTE JANNUZZI,Caroline Lopes,4.111954215787049
COLÉGIO NOSSA SENHORA DA RESSURREIÇÃO,Lorenzo Freitas,18.8949368593862
ESCOLA PALAS (R. CONDE DE BONFIM),Maria Julia Barbosa,11.100457662828495
COLÉGIO SANTO AGOSTINHO,Maria Julia Nogueira,1.0027354407722966
COLÉGIO SANTO AGOSTINHO,Daniela Marques,0.3682147684393279
ESCOLA MUNICIPAL OLEGÁRIO DOMINGUES,Pietra Peixoto,2.022222818916093
ESCOLA MUNICIPAL OLEGÁRIO DOMINGUES,Ana Liz Brito,0.5364978482774284
ESCOLA MARILIA DE DIRCEU,Laura Pires,0.8080760245181686
ESCOLA MARILIA DE DIRCEU,Mariane Cavalcanti,0.5968760611095597
COLÉGIO NOSSA SENHORA DA RESSURREIÇÃO,Yuri Duarte,15.772753975106765
ESCOLA PALAS (R. CONDE DE BONFIM),Sabrina Duarte,15.124037252516175
ESCOLA HENRIQUE DODSWORTH,Maria Eduarda Souza,1.5441720543912103
ESCOLA CASTELNUOVO,Rafaela Araújo,0.3881573392698687
ESCOLA CASTELNUOVO,Gael Ferreira,0.3881573392698687
COLÉGIO NOTRE DAME,Stella Aparecida,0.0
COLÉGIO NOTRE DAME,Nicole da Rosa,0.9184140499684692
COLÉGIO NOTRE DAME,Thiago Brito,0.9184140499684692
ESCOLA MARILIA DE DIRCEU,Cecília Nogueira,0.3893200611296743
COLÉGIO SANTO AGOSTINHO,Kaique Aparecida,2.3564122121423687
COLÉGIO NOTRE DAME,Ravi da Rocha,0.5396467807267737
COLÉGIO NOTRE DAME,Alexandre Novaes,1.8691297813304577
ESCOLA CASTELNUOVO,Maysa Fogaça,0.23896609777543176
ESCOLA MUNICIPAL OLEGÁRIO DOMINGUES,Ísis Fonseca,0.0
ESCOLA MARILIA DE DIRCEU,Gael Silva,0.18990361496069544
COLÉGIO SANTO AGOSTINHO,Davi Lucas Abreu,0.7747469858096452
COLÉGIO NOTRE DAME,Ágatha Castro,0.16163317726280707
COLÉGIO NOTRE DAME,Nicolas Casa Grande,0.16163317726280707
COLÉGIO ANDRÉ MAUROIS,José Miguel Pereira,0.8449273494879916
COLÉGIO SANTO AGOSTINHO,Luna Fogaça,0.5283475828997053
ESCOLA CASTELNUOVO,Matheus Souza,0.22999919720259923
COLÉGIO ESTADUAL VICENTE JANNUZZI,Yasmin Monteiro,1.1571484137004822
ESCOLA PALAS (R. CONDE DE BONFIM),Maria Liz Pires,15.274894885633955
ESCOLA MUNICIPAL ARAÚJO PORTO ALEGRE,Liam Borges,7.95347447470862
ESCOLA MARILIA DE DIRCEU,Thales Carvalho,0.4755950669034976
ESCOLA MUNICIPAL ARAÚJO PORTO ALEGRE,Eloah Fogaça,5.921416234544852
COLÉGIO DOS SANTOS ANJOS,Isabelly Araújo,5.682143654809422
COLÉGIO MARISTA SÃO JOSÉ,Cecilia Moura,12.008191537417538
ESCOLA MUNICIPAL ARAÚJO PORTO ALEGRE,Mariana Fonseca,8.065318773452637
COLÉGIO ANDRÉ MAUROIS,Vitória Viana,2.9321971915955545
ESCOLA MUNICIPAL ARAÚJO PORTO ALEGRE,João Miguel Siqueira,8.061283549002743
COLÉGIO SANTO AGOSTINHO,Asafe Monteiro,1.7843253458011974
COLÉGIO ANDRÉ MAUROIS,Carolina Jesus,2.8038545233053584
COLÉGIO MARISTA SÃO JOSÉ,Levi Teixeira,13.378039408411924
COLÉGIO DOS SANTOS ANJOS,Marcela Duarte,14.929609088833043
COLÉGIO SANTO AGOSTINHO,Calebe Peixoto,5.8012609373335176
ESCOLA MUNICIPAL CORONEL MOREIRA DA SILVA,Maria Sophia Freitas,25.03928180249198
ESCOLA MUNICIPAL CORONEL MOREIRA DA SILVA,Ana Sophia Sá,25.03928180249198
ESCOLA MUNICIPAL CORONEL MOREIRA DA SILVA,Arthur Gabriel da Paz,25.03928180249198
COLÉGIO NOSSA SENHORA DA RESSURREIÇÃO,Ester Pimenta,15.980458627539644
COLÉGIO NOSSA SENHORA DA RESSURREIÇÃO,Nathan Alves,15.980458627539644
COLÉGIO ANDRÉ MAUROIS,Ana Júlia Rios,4.965321445520062
COLÉGIO ANDRÉ MAUROIS,Henrique Mendes,4.916418452098253
COLÉGIO ANDRÉ MAUROIS,Bella Pastor,5.555089344670578
COLÉGIO NOSSA SENHORA DA RESSURREIÇÃO,Caleb das Neves,17.19667395373099
COLÉGIO MARISTA SÃO JOSÉ,Thiago Nogueira,12.483495104832878
ESCOLA MUNICIPAL ARAÚJO PORTO ALEGRE,Rael Novais,9.345011238669134
COLÉGIO ANDRÉ MAUROIS,Ayla Aparecida,5.3885084123857085
COLÉGIO MARISTA SÃO JOSÉ,Eloah Siqueira,8.067381018194684
COLÉGIO DOS SANTOS ANJOS,Manuela Sá,9.257539910170676
ESCOLA MUNICIPAL CORONEL MOREIRA DA SILVA,Otávio Silveira,32.74767834235346
COLÉGIO SANTO AGOSTINHO,Levi Montenegro,0.17209787326964793
COLÉGIO MARISTA SÃO JOSÉ,Augusto da Cruz,8.580748966964743
COLÉGIO SANTO AGOSTINHO,Luiz Fernando Jesus,0.14630054834213524
ESCOLA MUNICIPAL ARAÚJO PORTO ALEGRE,Danilo Silva,8.79866261213837
COLÉGIO SANTO AGOSTINHO,João Guilherme Sales,0.21230226156395757
ESCOLA MUNICIPAL ARAÚJO PORTO ALEGRE,Pedro Lucas Montenegro,9.233723851704077
COLÉGIO MARISTA SÃO JOSÉ,Oliver Lima,8.712196298398098
ESCOLA MUNICIPAL CORONEL MOREIRA DA SILVA,Luara Nascimento,31.349289096122117
COLÉGIO MARISTA SÃO JOSÉ,Henry Gabriel Costela,13.35823653225187
ESCOLA MUNICIPAL CILENCINA RUBEM DE OLIVEIRA MELO,Davi Luiz Sousa,49.076491072395754
COLÉGIO NOSSA SENHORA DA RESSURREIÇÃO,Isabela Casa Grande,9.078778064318794
COLÉGIO DOS SANTOS ANJOS,Letícia Pacheco,9.524252982566324
COLÉGIO SANTO AGOSTINHO,Mateus Carvalho,6.218208638007615
COLÉGIO ESTADUAL VICENTE JANNUZZI,Lunna Oliveira,0.9728368319299561
COLÉGIO ESTADUAL VICENTE JANNUZZI,Vinícius Pimenta,0.9864294817097995
COLÉGIO ESTADUAL VICENTE JANNUZZI,Renan Cassiano,1.248434045049389
COLÉGIO DOS SANTOS ANJOS,Julia Dias,9.944060782396457
COLÉGIO DOS SANTOS ANJOS,Larissa Casa Grande,9.944060782396457
COLÉGIO SANTO AGOSTINHO,Yan Pires,8.092705037007944
COLÉGIO SANTO AGOSTINHO,Lorena Almeida,0.9962970403487034
ESCOLA MUNICIPAL CILENCINA RUBEM DE OLIVEIRA MELO,Thomas Leão,47.11766478757591
ESCOLA MUNICIPAL OLEGÁRIO DOMINGUES,Léo Moreira,2.543339701881259
COLÉGIO NOSSA SENHORA DA RESSURREIÇÃO,Vitória Cassiano,0.726079850486172
